step,deepseek1.5b_sync_8gpu_lr3e-6-rollout_corr/log_ppl_abs_diff_step,deepseek1.5b_sync_8gpu_clip0.1_lr1e-5-rollout_corr/log_ppl_abs_diff_step,deepseek1.5b_sync_8gpu_cosine_lr1e-5-rollout_corr/log_ppl_abs_diff_step,deepseek1.5b_sync_8gpu_lr5e-6-rollout_corr/log_ppl_abs_diff_step,deepseek1.5b_sync_8gpu_ent0.01_lr1e-5-rollout_corr/log_ppl_abs_diff_step,deepseek1.5b_sync_lr1e-5-rollout_corr/log_ppl_abs_diff_step,deepseek1.5b_sync_lr1e-6-rollout_corr/log_ppl_abs_diff_step
1,0.0004858121370652748,0.0004978518036084499,0.0004969186011396559,0.0004889857054354513,,0.0004995395024027742,0.0004964594942603898
2,0.0005063385487238006,0.0004714750958832472,0.0004909901715639005,0.0004985220638055969,0.0005234176050790055,0.0004869636472154365,0.0004924271171738248
3,0.0004708528281601806,0.0004867745172325138,0.0005221629565782208,,,0.0004962222101514474,0.0004870886319062825
4,0.0005083160397313468,0.000515473131436215,0.0005254140875711693,0.0005055289533712229,0.0006667833167739445,0.0005451398046081818,0.000504966044471157
5,0.0005004506083314043,0.0005286978320793601,0.0005606479668585962,0.0005161728617571902,,0.000613004632737102,0.0005155130100808115
6,,0.0005144039889295353,,0.000526871943627899,,0.0005540254220022689,0.00050913767819212
7,0.000514671709619036,0.0005293469154735032,0.0006332981633704549,0.0005240988059333838,0.0010581712879917007,0.0006342441038668766,0.0004926502654068447
8,0.0005402199329092795,,,0.0005487719749788468,0.0008335012035355536,0.0005759755490544194,0.0005044309273326219
9,0.0005629070625984337,0.000600406412836997,,0.0006267291034201265,0.0010359743567224702,0.0006461010192364675,0.0005118702147117846
10,,,0.0006772401943635487,,0.000741057463341456,0.0006456115237207476,0.0004917444393979123
11,0.0005309053250619819,0.000708190366099305,0.0006833617358239508,,,0.0007663661874782216,0.000491065300833485
12,0.0005797246507632146,0.0007239383885831017,,0.0006592257414963366,0.00106291601578877,0.0006634570751581729,0.0004975025079764383
13,,0.0007038974837406706,,,,0.0007238499776441906,0.0004887444584549967
14,0.0005058930631397137,0.000729087208960014,0.0007113183357362756,0.0005499974790993668,0.0010892191091746402,0.0006750858526356751,0.0005217078057626167
15,0.0005134117798459354,0.0006621941383855301,0.0007611191870878707,0.0005804340460060673,0.0034795571018742307,0.0007128584986829716,0.0005130963812871976
16,0.0005655184303880863,,,,,0.0007799343546304789,0.0005258383990377941
17,0.0005060949652529829,0.000633044966491525,0.0006749824184691195,0.0006149873630103842,,0.000766229896478101,0.0005251729595855929
18,0.0005154256614682359,0.0006057270485939625,0.0006685583687916127,0.0005555454161453998,,0.0006774677787139215,0.0004970893058123545
19,0.0005224498451882807,0.000595752197527459,0.0007308253440857262,,0.008085329298670072,0.0007043290652088924,0.0005136136820708951
20,,0.0005944882174315271,0.000734805109372939,0.0005950733592809146,0.0030993839102918105,0.0006650658442974114,0.0005056440189898575
21,0.0005580213478424412,0.0006077236340691646,0.0007229313443811127,0.0006496768341498359,0.010228717603760222,0.0006789976230374166,0.0005282120288029546
22,,0.0005753702263621474,0.0006697912198992876,0.0006312406476845845,0.004111941905788486,0.0007965748397354462,0.0005137111832612261
23,,0.0005905173635373132,0.0007268526489042415,0.0006161294466235429,0.011101096597625516,0.0007125607053239946,0.0005203514867753256
24,0.0005444441811960132,0.0005792136998626135,0.0007358694913483831,0.0006535114225698635,0.004544087567046518,0.0006686947811886057,0.0005220800455975092
25,0.0005738268683671777,0.0005909662881310658,0.0007134583521747117,,0.005524496693396941,0.00062988961967676,0.0005168090029573333
26,0.0005962377725417786,0.0005669034503155452,0.0006650038121961188,,0.004108488457859494,0.000667277821636302,0.000509565364005376
27,0.0005808904020796035,0.0005809082805474948,,,,0.0006512735606173962,0.0005173615329372946
28,0.0006065388420211093,,0.0007131258453671584,0.000610823274129009,0.0025156172584199035,0.00065130654887693,0.0005124206514290778
29,0.0005739524641415171,0.0005970424653451818,0.000738802686220496,0.0005855375359739188,0.002865569214285959,0.0007239260107022952,0.0005139842353180997
30,0.0005607095035638604,0.0005978980227357371,0.0006955428407069887,,0.002217082873728402,0.00070652962432704,0.0004910552074132003
31,,,0.0007710882883413167,0.0005775383002688422,0.00240585146821104,0.0007558624804460123,0.0005045242140653272
32,0.000564964100749421,0.0006182021976133843,0.0007165390865471946,0.0005590793305644893,0.0024184049005711904,0.0007176881434220593,0.0005025679105301606
33,0.0005962744547559851,0.0006462009483024863,0.0007889510945460643,0.0005639111853413755,0.0025248856699493314,0.0007283971141388486,0.0005008303476188303
34,0.000588614450134628,0.0005804514036684011,0.0007062224526180217,0.0005721098316730364,,0.0006909710563568775,0.0005277980870838898
35,,,0.0006772109569737949,0.0005584300420674768,0.002025354806391988,0.0007073258075251943,0.0005226111202239082
36,0.000579864709501768,0.0006130760017435486,0.000659046108034445,,,0.0006842239554982105,0.0005367635831905734
37,0.0005633091709569271,0.0005920025876238992,0.0007072970616527049,0.0005902345295620954,,0.000818785873602074,0.0005318228861072455
38,0.0005736883404097171,0.0006059155840293071,0.0007060365900255611,0.000594119687517574,0.0021703203606496875,0.0007062080163339832,0.0005184965943604206
39,0.0005823347306958519,0.0006106037252082272,0.0006435872689280586,0.0005923294030743329,0.0020377648038918087,0.0006708813378736522,0.000522784763954817
40,0.0005415105435578227,0.0006119357931311242,0.0006656657331824625,,,0.0006452715986087264,0.0005209637513326015
41,0.0005756793495190019,0.0006373856227500338,0.0007901110862803762,0.0005852972202308931,,0.0007063716274864245,0.0005589779774932398
42,0.0006011594948512012,0.0006586711908312282,0.0006477607621924281,0.0005770695761384559,0.0021053452675053115,0.0006913521302911769,0.0005385224883936574
43,0.0005521052118768109,0.0006236878205604723,,0.0005513927964698052,0.002195640238871994,0.0006068757431334927,0.0005002721342792099
44,0.0006127814619048877,0.0006566382557096847,0.0006800582404615679,0.0005654098900192496,0.0022836362217221354,0.0007376064960426004,0.0005384632014673636
45,0.0005674714067670099,0.0006127708675985164,0.0006329192020889739,0.0006226407591586596,0.0021650153635164315,0.0006240726709418393,0.0005086167695445314
46,0.0005741508362375867,0.0006586276224879839,0.0006812574095290204,0.0006396215856556209,0.0021666068369086133,0.0007653553565476267,0.00052822899224919
47,0.0005850196318312334,0.0006475397161166922,,0.0006196590925139303,,0.0006842177208887907,0.0005013730768476545
48,0.0005567359398160729,0.0006791875401696805,0.0006826606264113275,0.0005805261310797505,0.002130857573080759,0.0006779199514911431,0.0005500867458370825
49,0.0006118831134747444,0.0006351274712523306,0.0006181910123684377,,0.0022023149652776065,0.0006421878235761099,0.0005060769520281136
50,0.0005875269253790196,0.0006850286912595038,0.0007065794663783611,0.0005911842278471119,0.0023019301822743096,0.0007215308809918497,0.0005485565940778707
51,0.0005992736427028182,0.0005931950178886083,0.0006374570304160443,0.0006092787904268143,0.00241982584841372,0.0007112647415851824,0.0005117718621881472
52,0.000560224518602282,0.0006227942722944136,0.0007324071201508512,0.00058037498801193,0.002413879335065195,0.0005998067000746232,0.0004897931722160303
53,0.0005824970597107469,0.0006278623484831769,0.0006336902435673677,0.0006017410871783412,0.002486354176969895,0.0006533377703051787,0.0005279006759751196
54,0.0005545612771905925,0.0006238451286906904,0.0005915935835218988,0.0005566070252685817,0.0020839260765709556,0.0006139511874824253,0.0005349885615704925
55,0.000594628701573805,0.0006852075720439088,0.000631746952776888,0.0005936481853962649,0.00234065703541721,0.0007165021987540447,0.0005391522481659194
56,0.0005591119750953602,0.0006416143873138935,0.0006413534706885778,0.000626437083015984,0.001960076903439282,0.0006818432254173482,0.0005303835633336955
57,0.0005609207668576824,0.0006529862686492331,0.0006355232306209233,0.0006585295198084694,0.002194225041491266,0.0006772634594487566,0.0005215336113906233
58,0.0005308440979769373,0.0006202320858045866,0.0006768180177439056,0.0005928771905538659,0.002380386108518251,0.0006310383530035324,0.0005161821865506366
59,0.0005225467295661344,0.0006410520486497262,0.0006587633067846625,0.0006040198696783115,0.0032570415071915,0.0006989318106545482,0.0005038735743769591
60,0.0005594415898009348,0.0006539356614298629,0.0006477653321326216,0.0005909347885876958,,0.0006544493771695091,0.0005507400241716217
61,0.0005601681086294487,0.0006916252366464483,0.0006910552508750036,0.0006324386580066251,0.0022369548423053203,0.0007787576271806282,0.000530018945978049
62,0.000614446876827262,0.0006763396488263664,0.0006836863611169974,0.0005956048380306665,0.0021485206904391565,0.0006449876761637695,0.0005606164776622791
63,0.0005663462817737079,0.0006332388397006583,0.000683707875595712,0.0006673133182933574,0.0021747861291855925,0.0006549754399533082,0.0005218425779854773
64,0.000572565170260633,0.0006785709093061374,0.0006773517908209797,0.0006476221113643988,0.0021982072596853997,0.0007266955381055595,0.0005661681590936496
65,0.000626302750567226,0.0006229442156645268,0.0006672294987699232,0.000603351713141906,0.0019489571420528028,0.0006293086718350034,0.0005405655074788402
66,0.0005234187011238473,0.000634727770147947,0.0006296747074884479,0.0005661858076564386,0.0022242442779503925,0.0006330759561024024,0.0005496666158145418
67,0.0005703017505594117,0.0008266656804105304,0.0006286438869210542,0.0005651901522846524,0.002092055567933632,0.0006821981824465357,0.0005139209690749467
68,0.0005425406981834789,0.0007829719115761691,0.0007715096080340653,0.000540294888499678,0.0021632130644775316,0.0006570978586231442,0.0005296855573295372
69,0.0005309107781785487,0.0008477764769896823,0.0006733303718647222,0.0005521248049484622,0.0020611484956805457,0.000749002620198423,0.0005161829413240907
70,0.0005824358142883677,0.0007245862993122979,0.0007251084047606422,0.0005788967480093094,0.0020267582702217625,0.0007401315630230846,0.0005227006516411906
71,0.0005491477296952022,0.0007673612597883269,0.0007074305210549844,0.0005948008778887016,0.0020032640539049624,0.000694793144508107,0.000555494761751366
72,0.0005825101129125364,0.0007322680296630623,0.0007128161936844452,0.0005526709791454431,0.0022696321877864662,0.0006139458382676821,0.0005861302763497363
73,0.0006704869756504195,0.0006635425719363603,0.0007350274419287736,0.0005683322739148535,0.002249647561029633,0.0007224558254032362,0.000554241073609219
74,0.0005713471282187793,0.0006933053694247531,0.0006802526638574292,0.0005932127558303253,0.003175114594983718,0.0006904502110739399,0.0005480870362547182
75,0.00062219753638399,0.0006889920347068829,0.0007058836711225106,0.0005549587087443797,0.002712089213780607,0.0006037574544063231,0.0005487662966050088
76,0.0005807440508205117,0.0007338703399505499,0.0007830741804738002,0.0005567457859708555,0.003052147933103274,0.0006916054870355477,0.0005783517839290653
77,0.0006430471171609641,0.0006665643625781645,0.0006566840121195128,0.0006336047797179033,0.003237392604811854,0.0006417134471640955,0.0005363152217146957
78,0.0005820613144818266,0.0007777654740788716,0.0007169686915403872,0.0005333532497433025,0.0023018573920126073,0.0007900876367958041,0.0005330038808703345
79,0.0006300365417897607,0.0007152495071941781,0.000824255717543565,0.0005839545629636891,0.0026025478476764297,0.0007132835833848125,0.0005476996054009456
80,0.000562404254348318,0.0007352685242949519,0.0008653072445422122,0.0005537379813576103,0.002441498534088688,0.000798560527116587,0.0005375726265188668
81,0.0005720915881188136,0.0007402907006172953,0.0007338822884949401,0.0006339485328550966,0.002050373229020111,0.0008309393492492658,0.0005443162486222892
82,0.000568043271611001,0.000770426554960355,0.0006507658544251171,0.0005960479395692279,0.0018936460731244396,0.0008296083957501714,0.0005747894899286621
83,0.000570257373079872,0.0008597642569126234,0.0006921462612719951,0.0006163361326343875,0.001952684102592605,0.0008972580126282992,0.0005316955519830165
84,0.0005632684479260697,0.0008433438390941749,0.0006809050754292492,0.0005547387431306561,0.0022113727195987435,0.0007396816206112687,0.0005463290667888176
85,0.0005664572905970999,0.0008130891364281093,0.0006238069893134664,0.0006007896652083091,0.002054085626073893,0.0007558451177167378,0.0005410402054188861
86,0.0005352574409794455,0.0007753571282288855,0.0006114508602943871,0.0005656863598536196,0.0021200988440897264,0.0007658184877939112,0.0005349623410793578
87,0.0006077715418924575,0.0007316848202543426,0.0006834466612639428,0.0005846589038324161,0.0020511061718732687,0.0006798498058721401,0.0005207145988340305
88,0.0005495434221744732,0.000773629122753895,0.000717048285700801,0.0005686306044375416,0.001958992306390428,0.0007394509423950998,0.0005612500184270175
89,0.0005306893889083815,0.0007286431152447461,0.0006578051449841316,0.0005890734927644106,0.0019761446899131192,0.0006906831713422434,0.0005160665562124493
90,0.0005265955892244209,0.0007682289513851222,0.00067598918767111,0.0005812135836052665,0.00195350709635442,0.0007619823401148816,0.0005071822791337798
91,0.0005683806472772726,0.0007572878419375991,0.0006965490980602647,0.0006667853867395202,0.001972855467685358,0.0007162830707741142,0.0005391466150589016
92,0.0005130773089972319,0.0007875170191542374,0.0006697971591728717,0.0006649124135781841,0.0019769517950610155,0.0007809475084840138,0.000513693874468334
93,0.0005899652187508764,0.0007839768020710688,0.0007934495836077706,0.0006460075446284464,0.0019723180858245877,0.0007323749941644478,0.0005572558066815921
94,0.0005672565632841341,0.0008455759278247668,0.0007565074635294877,0.0006291189090353285,0.0019329412044988624,0.0007401280999623676,0.0005653615507071663
95,0.0005614119295639992,0.0008613502758534094,0.0007398380339276254,0.0006015865747485804,0.0019100670343625168,0.0007266367715490604,0.0005435303697054592
96,0.0005218746883225609,0.00096725644533236,0.0006887531520677418,0.000547429133736686,0.0018856087745344097,0.0006850148503785714,0.0004884125307589149
97,0.0005654211025007259,0.0009442334119165408,0.0007059956215016427,0.0005612291289824413,0.0018631288491225608,0.0007350374956634672,0.0005529783960203835
98,0.0005468696946368972,0.0008489854171784827,0.000698917411793401,0.0005487776716954825,0.0018742122948312671,0.0007714510749272969,0.0005488777447991618
99,0.0005751603300113191,0.0009311048917496872,0.00074330972642028,0.0005202279037189857,0.0018970923135797917,0.000768240678510102,0.0005201917237447856
100,0.0005341161373414649,0.0008541253933012864,0.0007656472023786352,0.0005719008539017522,0.0019252889579892609,0.0008554005110324527,0.000529107719731179
101,0.000554279267498714,0.000920171226234264,0.0007069511767397108,0.0005722388356107764,0.001912816377201428,0.0007764827592754128,0.0005172683205230333
102,0.0005032832953778174,0.000855427756146367,0.0007628580291176539,0.0005530007644732151,0.001932999125074275,0.0007912926401851499,0.000537064325596605
103,0.0005513608962473881,0.0007825558468060702,0.0007107294929105924,0.0005736702532452736,0.001968298602150753,0.0007213109086230609,0.0005184616215623598
104,0.0005364088460976889,0.000885780075644588,0.0007419099895406888,0.0005870334082898737,0.0019160686642862856,0.0008047667804151258,0.0005559125112692224
105,0.0005475474772661196,0.0009097409249400643,0.000717534490412128,0.0005802734805049687,0.001939341437537223,0.0007855633543624121,0.000579038593261632
106,0.0005478123709205344,0.0008342655603612641,0.000656123453977454,0.0005892767578968362,0.001944704729061003,0.0007965756175205267,0.0005074945881590663
107,0.0005616620180825564,0.0009978982448764758,0.0007112273909634885,0.0005380119575048328,0.0019518269464518223,0.0007714041560219536,0.0005359416070296859
108,0.0005350894671209971,0.000896284290246439,0.0006858897694456107,0.0005521536720066035,0.002042963946634348,0.0007658274505872193,0.0005015684531144871
109,0.0005685841276317661,0.0009701026455762698,0.0006716275485294838,0.0005519436042028923,0.001903396787266472,0.0007999361702916628,0.0005037654072155073
110,0.0005288018549591227,0.00148509484183466,0.0006642126525814714,0.000551244564202433,0.0019161092784543143,0.0007223689832244418,0.0005148514975796085
111,0.0005501850277333256,0.0011000849617876405,0.0006435724288253585,0.0005335457037951776,0.0019212429895450248,0.0007402075402101868,0.000526298828711932
112,0.0005264888197512176,0.0011355461016137268,0.000774752904945695,0.0005681510170777584,0.0022118908560351787,0.0007115652679203777,0.0005209013904479636
113,0.000552594248737088,0.0011908126121953602,0.0007007926506048534,0.0005508841305754686,0.0019035192017327065,0.000728602309250577,0.0005166441903228831
114,0.0005384506941577696,0.0009712593131957368,0.0007139632404088355,0.0005503781173415302,0.0020155667048779185,0.0008800591986506507,0.0005096884255041145
115,0.0005118241066204638,0.0010297278826732913,0.000698767682789788,0.0005499854056931023,0.001988449186187195,0.00084069606364643,0.0005320471624911175
116,0.00051421602083359,0.000971101502536361,0.000680057647472991,0.000553357575214856,0.001960446729379542,0.0007436517080350313,0.0005151064799844919
117,0.0005092708716574635,0.0009565547858174896,0.0006764297895420985,0.0006385751240443261,0.0021379765342263613,0.0006611758953156476,0.0004942681977833697
118,0.00051554268095515,0.0009912160599137802,0.0006593053354973984,0.0006046488787909592,0.0018851432730169857,0.0008546828131529321,0.0005305531759404403
119,0.0005079267735213348,0.0008390374567170511,0.0006708170667681973,0.0005886689903656423,0.0020130714949439556,0.0007324396785002642,0.0004987200625395798
120,0.0005680687626019269,0.000942117024228414,0.0006734202621704422,0.000603323228092666,0.0020089408625727115,0.0007717105263942532,0.0005328797795982609
121,0.0005444784890945206,0.0010042564944514369,0.00066051678450921,0.000666435721151564,0.003694946425301688,0.0008157157375362225,0.0005335761962214746
122,0.0005732827703002094,0.0011543788695133925,0.0006337987609488968,0.0005763469077237459,0.003173483742607964,0.000775057856333747,0.0005539463618333684
123,0.0005493414456185957,0.000973777118714578,0.0006975638948460983,0.0005404643462497916,0.0028242621310921603,0.0007538602267453736,0.0005110365499038724
124,0.0005398705830083643,0.001089514290470106,0.0006693097542748463,0.0006284944071900776,0.0028464578318102055,0.0008967002640102609,0.0004938541508408889
125,0.0005078322413216328,0.0014386272256767068,0.0006967038017364757,0.0006206292388014845,0.0023178005973862196,0.0007234672698359645,0.0005240155114255398
126,0.0005197510677251744,0.001940885124849956,0.0006738606861766865,0.0006415845261017239,0.002233378179880674,0.0007483746604438321,0.0005238991579972208
127,0.0005983129306735685,0.0023882413459385787,0.0007452050076153683,0.0007167553356794088,0.00230106130426672,0.0007586649046840778,0.0005351324219061228
128,0.0005698512054045245,0.0027780036134106177,0.0008487414798310055,0.0006872944103610606,0.0020739811270253823,0.0008348310586370645,0.000542297571986897
129,0.0006495553969599362,0.002134353342853501,0.0006705357821973427,0.0006087992802804365,0.002095677353645442,0.0007536903069540997,0.000513009732998939
130,0.0005403197165789953,0.0010966164393266808,0.0006772579799871892,0.0006105244121846183,0.0021823961031346003,0.0008596463171771676,0.0004943730011912454
131,0.0005857925359219065,0.001458831894874143,0.0006948748970854667,0.0007167297657937658,0.002172518489085353,0.0007743299760223573,0.0005288823630280604
132,0.0005176767761344978,0.0013896111729711546,0.0006541444608734398,0.0006200463021514224,0.0021371145639932365,0.000790855988376533,0.0004926888609938592
133,0.0004927437434955023,0.001441460769092373,0.0006125528481522739,0.0006774072711550616,0.0020436458814258097,0.0007229562857818647,0.0004936654494229468
134,0.0005160410021348164,0.001395821562091908,0.0006869244578011581,0.0005889346792855576,0.0020585945691658876,0.0008107266813715606,0.0004962932942027308
135,0.0005149461751984962,0.002393461815816595,0.0006883297110318889,0.0005827711706102533,0.0020036146888742223,0.0007895026334035324,0.0004779077919010888
136,0.0005361344175352791,0.0011593902198953963,0.0007233093319882755,0.0006751289759752884,0.0018699092765660573,0.00078102855129853,0.0005192082206075354
137,0.0005099686122192884,0.0008709325961717695,0.0006704411893484316,0.0006377122238230119,0.001984568234092876,0.0007262709451701401,0.0004798998572415514
138,0.000609785059094901,0.0008948819203827665,0.0007040350452977387,0.0006823551735775451,0.0020599456208791316,0.0008742387337583861,0.0005089592493984835
139,0.0005875677856798015,0.0010808937216719831,0.000725347024809907,0.0007504682250838392,0.0020060603358280403,0.0008222275060970354,0.0005376763516520638
140,0.0005566320504883715,0.0009564671082013152,0.0006917154631818924,0.0007467576836331448,0.001997832504067836,0.000897742993878464,0.0005221051840979615
141,0.0005632856461998904,0.001008306600105686,0.000673566448356377,0.0006776292608005211,0.001994805156794863,0.0008029884195258049,0.0005208332910557589
142,0.0005755274453407858,0.0010306093610875234,0.0006472017103522198,0.0006883415775430366,0.001992159266513266,0.0009175912052905048,0.0005125915552338591
143,0.0005357148173288806,0.0008809771449868537,0.0007079947449494197,0.0006730774261885062,0.0019939825412750778,0.0008959587784226832,0.0005309843076354489
144,0.0005760890788607005,0.0010173392428872545,0.0006581841390698173,0.0006953616148621222,0.001977958508359734,0.000859250644024605,0.0005449915077085333
145,0.0005838404837189815,0.0008841117820147223,0.0006440943645884545,0.0007247274835208373,0.001947453178217984,0.0008813572413990707,0.0004974790381586927
146,0.0005237505271251456,0.0010248917943044944,0.0006482749021892058,0.0007073466560203002,0.001945777519391744,0.0009301487881875008,0.0005205142494339049
147,0.0005173980388545632,0.0013514684848437688,0.0006428030826230367,0.0007380901652790531,0.001983324261938991,0.0010257840808768632,0.0004949150798966986
148,0.0004838791688852389,0.0017934610443218137,0.0006454543194649887,0.0007081785801480092,0.0019583675151807257,0.0011906414534720636,0.0005307193480214611
149,0.00047381305636339346,0.0019826480019695565,0.0006281751688047301,0.0007057325911751477,0.001983071933791507,0.0009008360869172196,0.0004969723763411714
150,0.0005524400155980224,0.0010474818003785914,0.000689188531023086,0.0007445358772656619,0.0019550858669390436,0.001235672511122688,0.0005518755803731277
151,0.0005411804010590357,0.001116112386885756,0.0006939068243366087,0.0007636940021339714,0.0019142772752357732,0.0009539997648227488,0.0005175587685028548
152,0.0006416477149170346,0.001041789090322709,0.0006499427510789247,0.0007496217624066049,0.001920189376753776,0.0009970966435813777,0.0005162283183675326
153,0.0005227046923992443,0.001053799036136687,0.0006513029969848902,0.0006751491560169684,0.001953992760112063,0.0008131216614980407,0.000520581117981285
154,0.0005583809281796718,0.0014165915754780318,0.0006508345090767806,0.0006662997870340145,0.0019656470584759147,0.0009388871475557396,0.0005296198950370462
155,0.0005471184231932316,0.0011277035798518294,0.0006511940128348214,0.0007366538124099351,0.0019581625635440173,0.0009635202808313744,0.0005101652809318895
156,0.0005274864816307118,0.0011377488807283952,0.0006472330620454159,0.000689572082925091,0.001953446346585854,0.0009329741234458716,0.0005045193884382714
157,0.0005215730365567392,0.001226874228627932,0.0006146532105276492,0.0006315643162121308,0.0019193740727832147,0.0010656753546837454,0.0005196207888323107
158,0.0005984246824612326,0.001446896786702138,0.000721350940375487,0.0006717735378452046,0.0019082666843374051,0.0008592405090598203,0.0005167901206093391
159,0.0006086645044412026,0.0017877433846089324,0.0006580792970453331,0.0007176685045297269,0.001988265965617477,0.0010094328067362917,0.0005296396469762648
160,0.0005389180524130203,0.001646340243474342,0.0006805332928240936,0.0006384756570913028,0.0019941558267520224,0.0010625511705174258,0.000521510504433153
161,0.0005295201590776006,0.0013014845074697707,0.000631247011870073,0.0006921273979536462,0.001991201079237789,0.0008831224957826965,0.0005282500546376181
162,0.0005784044322074176,0.001456815443383502,0.0006490856146563985,0.0007179872267702844,0.0019678893112103214,0.0010814772812019718,0.0005445991412082495
163,0.0005292855467554805,0.001506903914188032,0.00068727640827114,0.000689942702484543,0.001909424142569252,0.0011021787983433269,0.0005061993349247334
164,0.0006044894674769006,0.0017550661927171775,0.00064455443000617,0.0006779464106662866,0.001931607382045643,0.001058568818734784,0.0005154863098141505
165,0.0006481585768788614,0.001616476183988363,0.0007269133777201107,0.0007002601630574645,0.001936373369093856,0.0010477744542020612,0.0005306748374310058
166,0.0005992945770696857,0.001689859955066905,0.0006797474834935489,0.0007159450102508778,0.001942771684358983,0.0009704205168335732,0.0004985611309686127
167,0.0005664848271667974,0.001548193369573077,0.0006575246212051775,0.0006735148244429597,0.001956492008563752,0.000889300515429864,0.0005310364868893049
168,0.0005849091805776837,0.001797182936957626,0.0005856358721530342,0.0006516861147412618,0.0019199563469252704,0.0009562884670865674,0.0004978982811484169
169,0.0005870770260356183,0.0039262824802979894,0.0006721496929212417,0.0006872754896593084,0.0019121156229837716,0.00092792901467051,0.0005143270377759888
170,0.0005883610037493608,0.001105471292829223,0.000668352884620218,0.0006785589094717926,0.0019026786188381568,0.0008368995032368629,0.000525329719371134
171,0.0005348482530150379,0.001015223859766316,0.0006326870847260579,0.0006649680577042586,0.0019218078938842331,0.0007588308185933234,0.0004757868745818504
172,0.0005525322686870433,0.0013732587721801308,0.0006428018595897811,0.0006569978725209418,0.0019051350129302592,0.0007667203422976814,0.0005254311062296773
173,0.0006100316563012112,0.0015267179700690866,0.0006413963526938459,0.0007408701205222737,0.0019858356106190263,0.0007487897734689695,0.0004990159740053649
174,0.0005665344173004476,0.001461807123064318,0.0006351018245195086,0.0007206523872055852,0.0018864991894412425,0.0007840538060206555,0.0005132085657231457
175,0.0006064073062944085,0.0009686560597595204,0.0006921930918906583,0.0006875367953831475,0.001934155423650289,0.0008142400711644874,0.0005119793175254017
176,0.0005773358393959089,0.0008074962402323157,0.0006513019291787714,0.0006598554190791869,0.0019658839272808344,0.0008762741273636089,0.0005295578636120095
177,0.0006315224332289157,0.0008395505384151739,0.0007099036768359395,0.0006643012688766161,0.0019309269302993928,0.0008930832639867562,0.0005207664692748307
178,0.0005590001463298739,0.0008853282419295283,0.0006694023855916818,0.0006632653075939743,0.0018980805566638653,0.0008184857393327706,0.0004751643750634498
179,0.0005818830579647468,0.0009595542462742892,0.0006350522453885787,0.0006644905945656567,0.001895435533228782,0.0007801337572244747,0.0004906387160573152
180,0.0005700155292669119,0.0010359549068743943,0.0006687876166324713,0.0006699190590752107,0.0019436421890055673,0.0007483240020203242,0.00047043621504729217
181,0.0005717588864648686,0.0012475952600016172,0.000655344582582984,0.0007099685379039218,0.0018897280951346,0.000784283571904424,0.0005318110102421457
182,0.0005636735504378434,0.0007117729123274331,0.0006359293189988664,0.0006772384825862467,0.001880174595123482,0.000790733883545529,0.0005138552802763067
183,0.0005621386363123921,0.0008546785734870354,0.0006115876733929326,0.0006784275910831639,0.0018748231637856047,0.0008557969687027859,0.0005242854155914904
184,0.0005957682646911097,0.0007792893401710898,0.0006066614783321711,0.0007142099126745384,0.00188264858743016,0.0008129555982040157,0.0005182015079046525
185,0.000556537998580184,0.00079052089002289,0.0005862005266862979,0.000716253784802819,0.0019719489311242023,0.0008349107321919292,0.00048685305301256047
186,0.0005935539945658959,0.0006817330491503526,0.0006255093861000204,0.0007194308663889476,0.001900077179470827,0.0008045723231690418,0.0005467240881069516
187,0.0006139842110401549,0.0008045463218877558,0.0006267140946420114,0.0007197758373184202,0.001911829954617893,0.000810197657380701,0.0005127477633727216
188,0.0006455423645516127,0.0005641269970546287,0.0006128317704265514,0.0006832946286604882,0.0018814028212070855,0.0008296335447539605,0.0005289479136081354
189,0.0006009577960607462,0.0005711902051734796,0.000622633729454676,0.0006588034838056377,0.0018710450214498185,0.000812071067907419,0.0004947116309464233
190,0.0006520637924127403,0.0005533645494142547,0.0006193489427806483,0.0007788731722112888,0.0018627284204258635,0.0008494859790365202,0.0005293118788973221
191,0.0005811376459383783,0.0005788799652145827,0.0005946890750038154,0.0007182438360662976,0.0018455383178661575,0.0009335507849677828,0.0005355564687880886
192,0.0005985022576909572,0.0005032858980121091,0.0006055230120355624,0.0006934822129043696,0.0019380001732232895,0.0008646447444486208,0.0004907373040384156
193,0.0006296680210919188,0.0005621662096382352,0.0005933356479501873,0.000737276758586218,0.001904205364339492,0.0007506067386009121,0.0005246446544579403
194,0.0006035683127265656,0.0005004484916025831,0.0005998023836495815,0.0006879619789039928,0.0019275931751026824,0.0007998105373073796,0.0005048865932143311
195,0.0005916489709506561,0.0005228453815731222,0.0006005824901421875,0.0006328789958884458,0.0019440136192398231,0.0008977052446662919,0.000531101850798665
196,0.0005891567762751592,0.0005222463539087353,0.0006010111413094663,0.0007230679458106434,0.001836886914767974,0.0007860211321409831,0.0005316305027008639
197,0.0006049620900057562,0.0005219012094490814,0.0006056390383037069,0.0007115855843399321,0.0018686868670420831,0.0009010671819024454,0.0005081895368285976
198,0.0005598492851147187,0.0005073344769967931,0.0006098008553592427,0.0006892836410191773,0.0018530014683218563,0.0009545168347606456,0.0005131632929796501
199,0.0005658494161119651,0.0004702060629858385,0.0005951356135217172,0.0006921242628356218,0.0019118584254208732,0.0008323188341240563,0.00048527645485346265
200,0.0005865093460215576,0.0004885140024008741,0.000609985806033542,0.0007038879043648194,0.001998295678811915,0.0007979393263171501,0.0005243190691493914
201,0.0005904966080725856,0.0005015007840214552,0.0005798446213486299,0.000672103157621282,0.0019361560835557824,0.0009221613941685685,0.0004912111503822067
202,0.000598522745176091,0.0005119480822065305,0.0005946278796368144,0.0007289246242924656,0.0019077079883520157,0.0008727180110841089,0.0005165731105453466
203,0.0005904251359295033,0.0005003298732070241,0.0006103138176712957,0.00076574290269068,0.0020166839872087752,0.0008769258614517061,0.0005049485530687687
204,0.0006039473407456951,0.0005852894106384257,0.0005950605784944076,0.0006695475165294986,0.001833075109650107,0.0008093151016351919,0.0004990748801614437
205,0.000650529218502215,0.0004871241774506214,0.0005948442618059094,0.000710200034349285,0.001929008785416098,0.0008813379217826878,0.0005724010614741067
206,0.0006078558408595066,0.0005349521290082959,0.0005968796904198825,0.0006942234251089923,0.0019542281178460603,0.0008625824695048901,0.0005282927415979238
207,0.0006273389089283927,0.00049959518195532,0.0006080152022882319,0.000768692388502553,0.0020511695316859655,0.0008387498596262462,0.0005509800413294995
208,0.0005724745843465263,0.0004924413232469373,0.0006110710794526439,0.0007139873239959178,0.001963413813534905,0.0008266438281184078,0.000519935362927544
209,0.0006336945293696772,0.0005681292755576174,0.0005940998168755739,0.0007337226086499206,0.0019457725917591767,0.000832673965967181,0.0005349506501826565
210,0.0006019061327692942,0.0005087175189063683,0.0005763926436177119,0.0007276357182490756,0.00187418916646172,0.0008007795609459704,0.0004979466711807707
211,0.0006173159465106437,0.0004586511948690276,0.0005650385434516162,0.000763183350500185,0.0022335869925362724,0.0008959172518271688,0.0005440716899173774
212,0.0006640644090156256,0.0004798305724644133,0.0006005847558948777,0.0007757946413924153,0.0019540997112498563,0.00086104389025753,0.0005376545352704945
213,0.000625096755313626,0.000490843103265164,0.0005741470307095204,0.000665267377350822,0.0018898450276430916,0.0007717682765549702,0.0004993615474859325
214,0.0006223716390661316,0.00042875038305448303,0.000581907391692353,0.0007159617352742718,0.0018893603016348448,0.0007436429481954706,0.00055083639977056
215,0.0006128114250381392,0.0004443813383019275,0.0006030238928360632,0.0006886269054368975,0.001873637091634781,0.0007180972279870316,0.0005444863022364045
216,0.0006138196135324483,0.0004508958019229154,0.0006261968418385084,0.0007504561185452898,0.0018807645065512936,0.0007595274561357325,0.0005331750632266401
217,0.0006581203415407799,0.0004705745819861746,0.0005870978565822456,0.0007163019979279217,0.0018917906197726331,0.0007958517975992513,0.000515251819443189
218,0.0006504704346991188,0.00047933196526207247,0.0005957073811765036,0.000740422213574574,0.0018942293853485097,0.0007975162948052154,0.0005173188762300258
219,0.0006372566576260397,0.00043998403846975026,0.000579107242959832,0.0006664910425718327,0.0018892483937783416,0.0008259210909718023,0.0005308015136961331
220,0.0006283299533606623,0.0004991252596305963,0.0005691413045745073,0.0007490371900890157,0.0018918795738665556,0.0008653080550717045,0.0005187762502373517
221,0.0006055684276450448,0.00045360019272198704,0.0005865660967339699,0.0006858914356027611,0.001896311693240987,0.0008520917700612548,0.000525450711575104
222,0.0006548113855387782,0.0005146666352949844,0.0005581589659414022,0.000723817559087048,0.0018530316455959992,0.0009105474249508916,0.0005113247229246553
223,0.0006107439947386627,0.0004515001751146715,0.0005586151550418931,0.0006795475952788944,0.0018763848963905783,0.0008678399213143469,0.0005143768872130749
224,0.0006346181176252829,0.0004469889248513128,0.0005893190712716508,0.0007751595212539542,0.0018773035726685457,0.0008163089595958202,0.000568628261135018
225,0.0006136733256603404,0.00048252770413152274,0.000585968008695288,0.0007778305834191004,0.001862778833934239,0.0008466222668251552,0.000536910709202997
226,0.0005973189747583959,0.00048147275319260425,0.0005809006537632274,0.0007412312002915397,0.0019237767247592705,0.0007191825293754542,0.0005360674346631736
227,0.0006659361157289823,0.0004701853693371016,0.0005633188204476689,0.0008058074866333533,0.0018775936435250675,0.0007712312106302003,0.0005355900072907772
228,0.0006362205768482454,0.000439638195951341,0.0005804384663254798,0.0008117389917843379,0.0018538482048932243,0.0007933658161315785,0.0005145927512458934
229,0.0006150273014920857,0.0004926773422758506,0.0005711449103807314,0.0007297486807312288,0.0018823523731792671,0.0007321136116236934,0.0005267818083893872
230,0.0006359206132268499,0.00048107420006662896,0.0005582394938958006,0.0007499610622868535,0.001881809745516096,0.0008257080789538426,0.0004949907943671682
231,0.00065808972335617,0.00046841756024891594,0.0005733324922568335,0.0007309898529373723,0.0019363462924957275,0.0007706441059553981,0.0005812769640646078
232,0.0006325945979369863,0.0004377810464238455,0.0005597712275610558,0.0007268362866831689,0.0019025932187619417,0.000768459178213258,0.0005868491064120462
233,0.0005964997085117686,0.0004909453455184121,0.0005755982685210862,0.0007937683968438333,0.00187650237764631,0.0007745593614458812,0.000566232774429876
234,0.0006692105243210359,0.0004988431684506833,0.0006301601451200027,0.0007819138741896578,0.0018593575273241317,0.0007962544495588494,0.0005603373840226835
235,0.0007176798415555921,0.0004900383112019174,0.000582378012696545,0.0008004698447409684,0.0019395411014556884,0.0008385740530911789,0.0005500098322715386
236,0.0006495704390545142,0.0004816323839467832,0.0005668610212870547,0.0007271273626346639,0.0019308226449148997,0.00080126401901263,0.0005760048973180737
237,0.0006305141841249468,0.0005052496912193655,0.000563364384227801,0.0007749955090286337,0.002022058648221633,0.0008308868481417078,0.0005404132850740914
238,0.0008386459809023505,0.0004679222002205615,0.0005681757257598504,0.0008009267263798054,0.001825312481207006,0.0007480367408529023,0.0005685118152493823
239,0.0006126637217676034,0.0004600039797642913,0.0006014751442228811,0.0007789775305152741,0.001898220356772928,0.0007557175429680613,0.0005940077336163086
240,0.0006343794726630081,0.0004975188001194679,0.0005754772995884238,0.0007320308008357559,0.0020733926977430073,0.0007816512479621451,0.0005667481716859344
241,0.0006233121227751326,0.0004479062493621975,0.0005793539050335477,0.0007248232939838834,0.001918867230415344,0.0007924130688978967,0.000570389529553052
242,0.000636150940135849,0.0004705636919847426,0.000551503596935535,0.0007591688088638854,0.001880563357297112,0.0008436979874568351,0.0005776094901193574
243,0.0006445948504449461,0.00044847471338437537,0.0005488209743715641,0.000704337444120837,0.00188999403925503,0.0007486736907454682,0.0005576551468493562
244,0.0006798709734564025,0.0004366157484169393,0.0005700663734300871,0.0008045399788055121,0.0018631483827318465,0.0007075973764371798,0.0005634446375257245
245,0.0006552438753248843,0.0004358744228056821,0.0005655724914339027,0.0007223492146460393,0.0018468749695929928,0.0007651367836493031,0.0006009293924080338
246,0.0006083778431730025,0.0004650155205095432,0.0005654694207449844,0.0007305821159413674,0.001930147409439087,0.0008150527697195614,0.0006052364150101701
247,0.0006619402746974418,0.00046336683917296906,0.0005951667070472798,0.0007981098204381429,0.001888805627822876,0.0008402147032921123,0.0006408689633901351
248,0.0006875227466550244,0.0004459074960260327,0.0005888186454372079,0.0007487019326067956,0.0018917390278407505,0.0007541187895255391,0.0006658123550694558
249,0.0007015546273578365,0.0004588309923731191,0.0005684045054929515,0.0008424011263509042,0.0018855566563813584,0.0007806556006051743,0.0006510912704279212
250,0.0006989971652728855,0.00043638149161089474,0.0006033702382497029,0.0007855855341486775,0.001916535522626794,0.0007394303034708663,0.0006538639678637992
251,0.0007200104409046043,0.00044823805647269935,0.0005751361927217485,0.0007859929283916055,0.0019202274935586111,0.000731363207495843,0.0006280695435331533
252,0.0006842227725883277,0.0004742019444573339,0.0005692352383655154,0.0007824567573859692,0.001951882668903896,0.000803736153287631,0.0005710909325408955
253,0.0007092854034908668,0.0004554427992953323,0.0005866527221356096,0.0007687291294724821,0.0019490369728633336,0.000685343545026424,0.0006028555049181849
254,0.0007130651508821364,0.0004215999060761533,0.0005917369727512778,0.0007818845152076214,0.0019560396671295167,0.0008132777781891212,0.0006313416557633092
255,0.0006745074654789182,0.0004270167597057699,0.0006051975337656988,0.0008542863795680335,0.002196342604500907,0.0007419632453932606,0.0006048234734790688
256,0.0006327293892051481,0.00042851769509572225,0.0005898788874729667,0.0007906542585175864,0.001930058002471924,0.0008136428130759062,0.0006015377561001318
257,0.0006599590940140843,0.0004171483488821179,0.0006030565872216746,0.0007870715202189723,0.001923727816429691,0.0008188596149112629,0.0006109242151216824
258,0.0006508349066886391,0.0004461845492187422,0.0005759142600809133,0.0007426108370401337,0.001976742463953355,0.0007367440862422141,0.000571572885986059
259,0.0007114511038544618,0.000463568420778078,0.0005564042651051502,0.000754945340263062,0.0018916384262197155,0.0007924639561189486,0.0006061498955827311
260,0.0007235894828681921,0.0004139535039477346,0.0005888766589426572,0.0008170111934966619,0.0018977056378903596,0.0007829906550950738,0.0005709648635022151
261,0.00067873973521273,0.00041349115266619543,0.0005612994956598934,0.000715016379775658,0.001909918543221294,0.0008538098190574265,0.0005942674330760161
262,0.0006648256435605268,0.00039710160105289926,0.0005583272939179022,0.0007022855565992359,0.0020108274051121302,0.0007456419182989731,0.0005878783161422593
263,0.0006276370326022949,0.0003765109980652899,0.0005610015881150806,0.0007555750679867659,0.001931325878415789,0.0008143278818924618,0.0005882712267521129
264,0.0006351270321147239,0.00043146623143002215,0.0006050934308130013,0.0007441914116994171,0.0019474141839621725,0.0007939798471406388,0.0006087559774804947
265,0.0006912506029948418,0.0004281503308095947,0.000579410017011965,0.0006978575210774175,0.0018691636513972628,0.0007222671669700907,0.0005916620677070521
266,0.0006808521498442132,0.000462080847888325,0.0005537402677708252,0.0007600600252602775,0.001974280391420637,0.0007124393990657068,0.0005960989525479626
267,0.0006434759179683169,0.0004316873225036488,0.0005856515511238415,0.0007754824366450273,0.0019148511545998708,0.0007110940908330353,0.0005960860796492214
268,0.0006611560878612894,0.0005016168486235983,0.0005850950097055829,0.0007603769415233495,0.001907217502593994,0.0006856097559862331,0.0006121600512314115
269,0.0006995257244374155,0.00047339317624198776,0.0005733514823034403,0.0007965142988475484,0.0019086863313402449,0.0006797160749899702,0.0005991966021168549
270,0.0006971699320461201,0.0004917980074396562,0.000574200353596444,0.0007791156905858026,0.0018521572862352643,0.0006816280497332627,0.0005698142859297437
271,0.0006482293845238019,0.0005510562053613659,0.0005774867226012826,0.0007726391211136892,0.0019429496356419152,0.0007590954997727682,0.0005927587238889636
272,0.0006638330780289125,0.0006372331043221222,0.0005591966288937493,0.0007189995750700797,0.001819821766444615,0.000735526735761081,0.0005859646250763418
273,0.0006697703965983237,0.0005895517832998718,0.0005431204269500865,0.0007390640174972676,0.0018543694700513568,0.0007216017390453124,0.0006007283905809776
274,0.0006993529695113793,0.0004956556118226477,0.0006060642322154308,0.0008603955913107105,0.0018916440681672432,0.0007312636917386381,0.0006080378988324236
275,0.0006918899097830657,0.00044383116848101576,0.0005633345215842599,0.0008148875857510906,0.0018758952617645263,0.0007000387516671725,0.0005885456016954236
276,0.0006729106514620454,0.0006223133343548791,0.0005525762034310555,0.0008197623024494129,0.0018796171460832868,0.0007423085335176438,0.0006073492958864499
277,0.0006459662364704854,0.0009212348157086888,0.0005662353131480235,0.000773009126191937,0.002054386479513986,0.0007945622589243114,0.0005974100857271808
278,0.0006522440685102993,0.0005659047983007858,0.000541308342626719,0.000786373524735811,0.001950758695602417,0.0007938926681437703,0.0005984532811836337
279,0.0006710117750571953,0.0004144328586580987,0.0005576346175941927,0.0007839495793549842,0.002026627893033235,0.0008649852773470019,0.0005515921523175692
280,0.0006973490706513985,0.0005734099949886267,0.0005852457506576188,0.0007348459309488387,0.0018981888013727523,0.0007959712407278453,0.0006284845140774115
281,0.0007167011516230559,0.0005687199945158854,0.0005848410391769083,0.0007447726090523499,0.0019368978514187577,0.0008047380781204512,0.000624343741294116
282,0.000689689251369084,0.00045219413081404607,0.0005674551642342278,0.0007420897230655431,0.001912395443235125,0.0007749941916485756,0.0005933573929218659
283,0.0006566708494314558,0.00043456474361990233,0.0005791060716960187,0.0007216965711904777,0.0018936489309583392,0.0007898485147827025,0.0005911189356340448
284,0.0006758902509762087,0.0004998724218335395,0.0005437619119696873,0.0007443497128722653,0.001967327083860125,0.0007410624696639585,0.0005935553747407632
285,0.0006670913977167833,0.00041498284247752865,0.000582310033610156,0.0007603987696711556,0.001967207023075649,0.0007079479957792501,0.0005970815128849234
286,0.0006336349437502619,0.00046719463946493834,0.0005595863880526766,0.0007729480728812632,0.001986782039914812,0.0007353983702108413,0.0006156161781859737
287,0.0006645455404872163,0.0004558973274757399,0.0005954743511716111,0.0007303376590611383,0.001955988577433995,0.0007338619263394391,0.0005827769420694751
288,0.0006836622915449344,0.0004404214851092547,0.0005802422142334676,0.0008529251315733146,0.0019949615001678468,0.0007945697264249419,0.000577278016908167
289,0.000615760020015686,0.0004521011509687493,0.0005673691502207392,0.0008467741776409335,0.001928039108003889,0.0007607218990329475,0.0005819899488642477
290,0.0006392463804331782,0.00048050423781689886,0.0005467634343470464,0.0007967876715611055,0.0018014107431684222,0.0006860964807993645,0.0005881047542587973
291,0.0006363680720824049,0.0004661289104917206,0.0005767997682120214,0.000746587358207762,0.0020093704972948346,0.0006829165690255144,0.0006108179795295367
292,0.0006814677849194451,0.00043199621424532664,0.0005708318989317853,0.0007865861612824826,0.00222815786089216,0.0007472324805348762,0.0006614961442114451
293,0.0006565005471202312,0.0005863066027431112,0.0005953948132561735,0.0007686179615929076,0.001989128759929112,0.0007987109381478969,0.000629903330903019
294,0.0006812893346250348,0.00037338902352769906,0.0005586997033126615,0.0007383599154792969,0.0020922141415732247,0.0007535820652333743,0.0006299359527378998
295,0.0007469430990264906,0.0003952376790913185,0.0005425520857454281,0.0007882129703316225,0.001875227689743042,0.000683205123612995,0.000669370572550916
296,0.0006521067178299545,0.0004239627652658293,0.0005557052763400688,0.0007351420598145827,0.001867830753326416,0.0006942784896310977,0.0005953186712902511
297,0.0006443724464133993,0.0004848931574274619,0.0005635824952656144,0.0008007328172728497,0.0018199716295514787,0.000678583169651069,0.0005864961591820853
298,0.0006468574055134013,0.0004765965642992598,0.0005605373210831507,0.0007635221932863109,0.0018486874444144112,0.0006857110789531121,0.0006009076690756238
299,0.0006775643324544945,0.0003230702071511126,0.0005790713242147051,0.0007724536525680984,0.00207307083266122,0.0007219253245609623,0.0006055793536162175
300,0.0006494259594147457,0.0003367854873291575,0.0005504523911482931,0.000704249590701996,0.0018851981646772745,0.000809938320917017,0.0006009320160573177
