step,deepseek1.5b_sync_8gpu_sigfrac_cfixed_lr1.25e-5_seed1-actor/g_rms_ema_step,deepseek1.5b_sync_8gpu_sign_gate_meanmatch_gamma0.5_seed0-actor/g_rms_ema_step,deepseek1.5b_sync_8gpu_sigfrac_cfixed_lr1.25e-5_seed0-actor/g_rms_ema_step,deepseek1.5b_sync_8gpu_matched_alpha_2.97e-6_seed0-actor/g_rms_ema_step,deepseek1.5b_sync_8gpu_sign_gate_meanmatch_gamma0.5_seed1-actor/g_rms_ema_step,deepseek1.5b_sync_8gpu_matched_alpha_2.97e-6_seed1-actor/g_rms_ema_step,deepseek1.5b_sync_8gpu_matched_alpha_2.97e-6-actor/g_rms_ema_step,deepseek1.5b_sync_8gpu_sign_gate_meanmatch_gamma0.5-actor/g_rms_ema_step,deepseek1.5b_sync_8gpu_sigfrac_cfixed_lr1.25e-5-actor/g_rms_ema_step
1,7.585860653449925e-07,7.733812685953117e-07,7.328373078133067e-07,7.458765752681351e-07,7.534158158713528e-07,7.468575416409786e-07,7.279855281772347e-07,7.556164724392737e-07,7.145121407336873e-07
2,7.577192508443152e-07,7.709755375383516e-07,7.335655233247879e-07,7.459170720537086e-07,7.540343254330784e-07,7.49200326189994e-07,7.277809817110181e-07,7.510631639645083e-07,7.126883749742633e-07
3,7.60426493028239e-07,7.663466181873888e-07,7.325530156651337e-07,7.426558284674192e-07,7.537224438246663e-07,7.474264165225148e-07,7.275695226494011e-07,7.492664650166665e-07,7.133106956593001e-07
4,7.595318630152108e-07,7.658857825164658e-07,7.34027590807439e-07,7.417203932274258e-07,7.519029864728364e-07,7.472405655254334e-07,7.259121584843572e-07,7.461901977745737e-07,7.138898339882922e-07
5,7.577755009222007e-07,7.644907388978362e-07,7.352535048613479e-07,7.420382908716964e-07,7.482911611668517e-07,7.458632900488421e-07,7.267413298646319e-07,7.491553688871337e-07,7.154276005878514e-07
6,7.584576912012698e-07,7.595412550583947e-07,7.363537456624065e-07,7.410271210890378e-07,7.498192395722956e-07,7.463448636761179e-07,7.251540294447616e-07,7.472854959105848e-07,7.154273942325622e-07
7,7.599860503928839e-07,7.599290434904956e-07,7.383967760162734e-07,7.409701789213888e-07,7.482573649216782e-07,7.438928957418433e-07,7.258784379305009e-07,7.465244667521525e-07,7.163850212706512e-07
8,7.593353217343986e-07,7.58571198065909e-07,7.432084155020972e-07,7.413989919743544e-07,7.450922161079472e-07,7.420283656599922e-07,7.285669525517111e-07,7.47729923026984e-07,7.248888453327174e-07
9,7.711198138782304e-07,7.568575089445571e-07,7.51780403500347e-07,7.392510905410045e-07,7.445839576674618e-07,7.409990550344541e-07,7.314595973751466e-07,7.511359288138122e-07,7.37595188630987e-07
10,7.798659874161307e-07,7.539501171082833e-07,7.627799490898633e-07,7.376605809352923e-07,7.438173106048156e-07,7.410422463729259e-07,7.350186465471715e-07,7.52293925890772e-07,7.480242125043152e-07
11,7.946778858978206e-07,7.514411728165195e-07,7.779208416730848e-07,7.383642493392649e-07,7.448574771178446e-07,7.424550479002946e-07,7.350105118886534e-07,7.507463447773073e-07,7.6015439831175e-07
12,8.108052870355603e-07,7.500331492156566e-07,7.964950211211678e-07,7.395339019635849e-07,7.44769168378365e-07,7.424579230933334e-07,7.355310108881455e-07,7.5140175533243e-07,7.754231890688829e-07
13,8.249012526162513e-07,7.529719801624748e-07,8.096073545717974e-07,7.417878353291756e-07,7.470376571658569e-07,7.439267049608135e-07,7.350761585810664e-07,7.523056145584343e-07,7.912890992483036e-07
14,8.40213703316553e-07,7.556750340807599e-07,8.237495586876696e-07,7.45420885978368e-07,7.477979203928673e-07,7.454114427158397e-07,7.345550975535711e-07,7.537221516769789e-07,8.059282134426336e-07
15,8.587851948122839e-07,7.559211493512724e-07,8.375200707524491e-07,7.471223600155685e-07,7.494734207744746e-07,7.459882943648456e-07,7.359049097914344e-07,7.553383569587803e-07,8.264910875302991e-07
16,8.769879272172841e-07,7.575171503648838e-07,8.518803635687124e-07,7.515684713821784e-07,7.514989907823037e-07,7.500964006118829e-07,7.369674978257614e-07,7.582741742323037e-07,8.442865187554998e-07
17,8.949602193457867e-07,7.643351109981373e-07,8.74453952578161e-07,7.614222073421922e-07,7.593083627582773e-07,7.564663828277747e-07,7.46460897065836e-07,7.647600864520431e-07,8.579747396572234e-07
18,9.120874250234795e-07,7.673239991736356e-07,8.879441380829383e-07,7.649715590397898e-07,7.651243514640734e-07,7.620241498094445e-07,7.547754286217692e-07,7.727624138703222e-07,8.711886137328312e-07
19,9.186904840368331e-07,7.710962994633311e-07,8.955284874764528e-07,7.670050100151297e-07,7.680749716918857e-07,7.666647479377708e-07,7.591851014114391e-07,7.781896343741297e-07,8.799374157602015e-07
20,9.302200637702766e-07,7.785747941213798e-07,9.067583558714243e-07,7.740208292789572e-07,7.742274099434889e-07,7.761966889551896e-07,7.688470280353312e-07,7.858604705221268e-07,8.806017337511016e-07
21,9.444553488600892e-07,7.844610851746613e-07,9.155878420751023e-07,7.818782489874069e-07,7.820637685706593e-07,7.879243479905793e-07,7.777740680856007e-07,7.928204298515519e-07,8.870273553150639e-07
22,9.586234549599238e-07,7.928233785043764e-07,9.218729931307063e-07,7.905627707769784e-07,7.893442169889692e-07,7.969696856216238e-07,7.888815708253553e-07,8.020223101082839e-07,8.946372089963807e-07
23,9.643577749683812e-07,7.986901225133309e-07,9.243432683316632e-07,8.001528708922048e-07,7.940788022485849e-07,8.042661616555855e-07,7.988838657252993e-07,8.103123592416576e-07,9.028459534477101e-07
24,9.74549909265607e-07,8.066808638257551e-07,9.355341600332068e-07,8.09763845916828e-07,8.020744268356094e-07,8.123054709381073e-07,8.106508014486465e-07,8.187977722181724e-07,9.094248056622955e-07
25,9.833541563572011e-07,8.142616918354706e-07,9.416146561132746e-07,8.192507912408174e-07,8.08097067634519e-07,8.206028846702005e-07,8.210489064251e-07,8.270446647031766e-07,9.118020482717646e-07
26,9.879611900746185e-07,8.251234334644195e-07,9.501899618868663e-07,8.31456527761628e-07,8.178205022229843e-07,8.310787571151573e-07,8.290483937208778e-07,8.340814879397086e-07,9.173542884251082e-07
27,9.936672433185149e-07,8.347105244026062e-07,9.5874130875187e-07,8.411580269534807e-07,8.26781889256312e-07,8.376878144353406e-07,8.375698493894852e-07,8.393752878630934e-07,9.203564169200859e-07
28,1.0025296113641207e-06,8.409570876898369e-07,9.603521349769883e-07,8.544806068069437e-07,8.361588262176662e-07,8.464907428474605e-07,8.455583049050913e-07,8.473039556044001e-07,9.237267817147648e-07
29,1.0128900177978063e-06,8.503645778912133e-07,9.645458829384236e-07,8.63124299502645e-07,8.480422039001194e-07,8.571541739718156e-07,8.538709988795165e-07,8.547609431651007e-07,9.300240062584052e-07
30,1.0199027914783092e-06,8.604351624133716e-07,9.641436385382978e-07,8.736615000470867e-07,8.534731956666769e-07,8.644330966879062e-07,8.639355524336869e-07,8.652921752009496e-07,9.339709105731351e-07
31,1.0231134308693269e-06,8.668744257352283e-07,9.680609706504406e-07,8.782439773017019e-07,8.635374925793792e-07,8.706639783866555e-07,8.688706841754667e-07,8.700660726189401e-07,9.350888814551959e-07
32,1.0270970143995849e-06,8.794127279079224e-07,9.702877817789106e-07,8.847688017874512e-07,8.724580149354384e-07,8.783651296805953e-07,8.745809997175607e-07,8.761474755365844e-07,9.34458933327158e-07
33,1.0273924286694522e-06,8.839607485504256e-07,9.714984261778322e-07,8.946850458332678e-07,8.812448926942426e-07,8.844504676864325e-07,8.845242493913664e-07,8.821310149805761e-07,9.403968577266989e-07
34,1.0307298185879862e-06,8.932357965095949e-07,9.72784227901476e-07,9.021205885314621e-07,8.930303345080945e-07,8.931276500810094e-07,8.944977015071957e-07,8.944981122225781e-07,9.468880161440069e-07
35,1.0327293166380849e-06,8.997843156247636e-07,9.743268137654138e-07,9.092985570952679e-07,9.029092587116867e-07,9.015310153116864e-07,9.01548305231055e-07,9.028326202647173e-07,9.487065204364084e-07
36,1.0365483376688389e-06,9.066337964133473e-07,9.7265778716804e-07,9.154462794050807e-07,9.148532918124892e-07,9.116431085423828e-07,9.081600364132483e-07,9.113223502512028e-07,9.509656921846007e-07
37,1.0403224712821131e-06,9.128901442730702e-07,9.740539491971116e-07,9.20408517663416e-07,9.23810022523839e-07,9.180000422457398e-07,9.147147429128536e-07,9.221010105866245e-07,9.550523060477252e-07
38,1.0390940077548185e-06,9.212930450334568e-07,9.792479464443092e-07,9.289565740116759e-07,9.327970622297199e-07,9.234316571399153e-07,9.273537592513523e-07,9.310325109984486e-07,9.613961169329942e-07
39,1.0383568552907629e-06,9.28013521682552e-07,9.827497729751258e-07,9.367247749828855e-07,9.474420213360841e-07,9.317464231940787e-07,9.344435714723916e-07,9.392361883351627e-07,9.627665645153295e-07
40,1.0381414833298415e-06,9.376727108408804e-07,9.842765272848137e-07,9.449849354802639e-07,9.568394725160609e-07,9.377009416273763e-07,9.44812401206784e-07,9.437159247893751e-07,9.624616026831382e-07
41,1.0391888367755284e-06,9.433558401041722e-07,9.83797441922548e-07,9.541555831941372e-07,9.64534042724068e-07,9.451931057501811e-07,9.503609211176023e-07,9.510201068841983e-07,9.650916116211365e-07
42,1.0439962363499328e-06,9.499548833541332e-07,9.826702799519293e-07,9.59868845300368e-07,9.69743808375903e-07,9.507039514225635e-07,9.569850103058504e-07,9.558684499163489e-07,9.666582847979788e-07
43,1.0441237209122167e-06,9.567642357274851e-07,9.853558538273157e-07,9.682298694224479e-07,9.78185955559964e-07,9.578695681696454e-07,9.63215142050911e-07,9.589547648243457e-07,9.667606760251989e-07
44,1.0453109821305464e-06,9.587612755464462e-07,9.834914473553439e-07,9.721956705768518e-07,9.79621296511032e-07,9.604644685561638e-07,9.658909968913026e-07,9.638196680221319e-07,9.679012311665936e-07
45,1.044851982310303e-06,9.615088696187363e-07,9.837503890447705e-07,9.781154271097358e-07,9.816485464436894e-07,9.650815999400545e-07,9.654317321847769e-07,9.650437074781625e-07,9.690089927926617e-07
46,1.0459612723944854e-06,9.645821210943718e-07,9.83075268853708e-07,9.804439873059838e-07,9.87064251759614e-07,9.713649785462098e-07,9.687421676470217e-07,9.68426500743001e-07,9.67442145477799e-07
47,1.0465112262844789e-06,9.716381103760993e-07,9.881102714736087e-07,9.867861123581745e-07,9.921332664576203e-07,9.775617107867657e-07,9.762396614762145e-07,9.714409341656809e-07,9.697094824268522e-07
48,1.0484225292397803e-06,9.795146389615739e-07,9.8994609496831e-07,9.93407914580286e-07,9.95009132636892e-07,9.802102217147688e-07,9.821570051176674e-07,9.705929742493292e-07,9.691154448066658e-07
49,1.048535491490928e-06,9.83351158739795e-07,9.91237437283354e-07,9.961668908583049e-07,9.977290114489015e-07,9.814623304527713e-07,9.811841630283452e-07,9.712880215990126e-07,9.639123762335835e-07
50,1.044846749895975e-06,9.84239307124358e-07,9.90965886532961e-07,9.975817281992717e-07,1.0004704237133338e-06,9.81175294581021e-07,9.874286475077292e-07,9.6882062333089e-07,9.622715436483585e-07
51,1.0429139651680348e-06,9.822585607751524e-07,9.889008139369119e-07,9.980960561838097e-07,1.0026839845424948e-06,9.86884423418623e-07,9.90531737288859e-07,9.755010426047934e-07,9.618379331148046e-07
52,1.0433075843658312e-06,9.849157900880596e-07,9.903363802223308e-07,9.99388463857939e-07,1.0072969120418541e-06,9.920177959625086e-07,9.936030490535143e-07,9.775397577328288e-07,9.637617665968334e-07
53,1.0458303027789629e-06,9.870809109244717e-07,9.892912591723409e-07,9.979693238811205e-07,1.006389389569127e-06,9.943958658658994e-07,9.964214399628108e-07,9.805472515842164e-07,9.66176669932241e-07
54,1.0434743357930668e-06,9.861533522063272e-07,9.862807914265616e-07,9.958634981235529e-07,1.007889122133276e-06,9.981251726398308e-07,9.986608654477726e-07,9.802984202571426e-07,9.644813405668428e-07
55,1.0445902867381969e-06,9.904428731629597e-07,9.853766544622402e-07,9.962401892404054e-07,1.0098687943644102e-06,9.992599692582905e-07,9.97104876818314e-07,9.831677266724008e-07,9.634229758435031e-07
56,1.0439209453215489e-06,9.90215072936221e-07,9.843414265565809e-07,9.957870760659824e-07,1.0085911461221579e-06,9.949849606685674e-07,9.992551050316155e-07,9.840449956305731e-07,9.619250126736097e-07
57,1.043761011454178e-06,9.885834218594965e-07,9.84417046391953e-07,9.978739976898277e-07,1.0073777036022675e-06,9.911892317780236e-07,1.0036110254848398e-06,9.866639855846974e-07,9.650280721275003e-07
58,1.0428746084049256e-06,9.886862396158536e-07,9.830279459754791e-07,1.001507108600705e-06,1.0087205620254659e-06,9.92904178369344e-07,1.003018364018316e-06,9.851030846928207e-07,9.64448009681895e-07
59,1.0410318359541149e-06,9.908380400823022e-07,9.803970470114112e-07,1.0047967197742173e-06,1.013726071022486e-06,9.91075784829187e-07,1.003677975936095e-06,9.848329315301999e-07,9.632572477866973e-07
60,1.0376903190805411e-06,9.92013353597607e-07,9.794349937903896e-07,1.0064496995875518e-06,1.0140151791758886e-06,9.910268472699799e-07,9.999193380986664e-07,9.829399972680788e-07,9.601727161176343e-07
61,1.039131816561581e-06,9.932920775202373e-07,9.795055475159259e-07,1.0061315761737351e-06,1.0116374715409759e-06,9.890760631125337e-07,1.0003215703523446e-06,9.81437195810391e-07,9.600243741994282e-07
62,1.0389007817880484e-06,9.95609497301286e-07,9.809768741261236e-07,1.0046752117918766e-06,1.0177934927329223e-06,9.910012391895747e-07,1.001521642771727e-06,9.809157344059148e-07,9.631373887302202e-07
63,1.0363669910869345e-06,9.964940889775114e-07,9.803170735610765e-07,1.0066585683017016e-06,1.0193405804270458e-06,9.940285699127279e-07,1.000917461643391e-06,9.79790849646991e-07,9.647495639200137e-07
64,1.0332021332621352e-06,9.967996115349827e-07,9.825183703072308e-07,1.003454079696446e-06,1.0171350816974553e-06,9.888229387030604e-07,9.980802489783505e-07,9.787517254810378e-07,9.604445665402722e-07
65,1.0306126874970875e-06,9.98184373179596e-07,9.816824250683733e-07,1.005251598492885e-06,1.016318025522436e-06,9.865346483305227e-07,9.99066784881999e-07,9.769524886091829e-07,9.626998624052066e-07
66,1.0281200052557095e-06,9.952175043972036e-07,9.813825494031472e-07,1.0026242844715218e-06,1.01364543576663e-06,9.852677025739426e-07,1.000527233626498e-06,9.748404558865105e-07,9.59967903954093e-07
67,1.025320162181182e-06,9.937513338665734e-07,9.83396329680192e-07,1.0014009773317526e-06,1.015626875436407e-06,9.866663352191918e-07,1.0001585816871696e-06,9.75423940892096e-07,9.593203985149708e-07
68,1.02395886346321e-06,9.956939884641665e-07,9.778970332335038e-07,9.96882883750427e-07,1.015695168125996e-06,9.85656223134022e-07,1.00071976385447e-06,9.773874897280765e-07,9.596311475417092e-07
69,1.0192402192477125e-06,9.95663545337507e-07,9.778902935811629e-07,9.959615723621293e-07,1.0139386262629477e-06,9.837513702133939e-07,9.992349304554625e-07,9.773627886845179e-07,9.576113938424216e-07
70,1.019295131146545e-06,9.919898048023696e-07,9.769493773101955e-07,9.941331728174929e-07,1.0162266887717973e-06,9.845964617053051e-07,9.985138616796466e-07,9.764076940949946e-07,9.58660152991027e-07
71,1.0223900166057708e-06,9.959246958058017e-07,9.785161408811346e-07,9.94029261955253e-07,1.0157590843107574e-06,9.862383728603509e-07,9.938215011437263e-07,9.74936692897789e-07,9.58368092333499e-07
72,1.0259730670419394e-06,9.947297425068352e-07,9.777013662197282e-07,9.952734644668682e-07,1.0174847543894083e-06,9.86297426145214e-07,9.929555513915705e-07,9.758539626531358e-07,9.56351415776711e-07
73,1.021466876360872e-06,9.954704770940662e-07,9.763583886371286e-07,9.960049199416017e-07,1.0165948915914195e-06,9.876516196123271e-07,9.957171590775551e-07,9.794335570328585e-07,9.606366743244505e-07
74,1.0216922444541851e-06,9.925790899057358e-07,9.771082548912157e-07,9.907521613392334e-07,1.0205757582731645e-06,9.891364898062867e-07,9.934833734056757e-07,9.794991310295689e-07,9.595987825566789e-07
75,1.0173519817366709e-06,9.912651687514178e-07,9.765741079523214e-07,9.904343475272355e-07,1.0213937847664096e-06,9.871350446208075e-07,9.947483243194836e-07,9.82437528050937e-07,9.61133143181526e-07
76,1.014907795272554e-06,9.907364671056086e-07,9.773545233570109e-07,9.872455746836689e-07,1.0195540028735224e-06,9.86869709378589e-07,9.968843276076599e-07,9.86202802668647e-07,9.625404493272433e-07
77,1.0109822081233576e-06,9.89563523150091e-07,9.776006418220045e-07,9.869674050897398e-07,1.0155100352835237e-06,9.842677329974318e-07,9.935366779257164e-07,9.854697288425295e-07,9.60322139122554e-07
78,1.0124307776345126e-06,9.85288404838598e-07,9.779370756711875e-07,9.887492841620584e-07,1.012912990425782e-06,9.852158718743995e-07,9.880850484006469e-07,9.829134523094479e-07,9.62003680563211e-07
79,1.0157804670899603e-06,9.859448316221451e-07,9.808538485474523e-07,9.886942115635374e-07,1.0130376090146418e-06,9.875585876959704e-07,9.899272470966713e-07,9.861563621703672e-07,9.64122360860878e-07
80,1.0153694621526284e-06,9.848583836527295e-07,9.83362419575185e-07,9.866886574108765e-07,1.009984003790181e-06,9.843409142755744e-07,9.914202321369458e-07,9.863429257197255e-07,9.680197262022885e-07
81,1.011826883156115e-06,9.847763460548969e-07,9.860197820215101e-07,9.843926664316625e-07,1.0114363900319448e-06,9.828033784324257e-07,9.905823640796548e-07,9.886936348429699e-07,9.703738354720573e-07
82,1.00893567351915e-06,9.829652112477326e-07,9.862520047894956e-07,9.835986458581459e-07,1.0082610870636578e-06,9.839250110348088e-07,9.930045671984691e-07,9.905001190302878e-07,9.726227849053726e-07
83,1.0076589211905336e-06,9.833747480784622e-07,9.87122891470287e-07,9.853352132456758e-07,1.0076270407573721e-06,9.822270186740104e-07,9.94808635013354e-07,9.885999591840504e-07,9.722065428157554e-07
84,1.0050111687034918e-06,9.818649438285855e-07,9.838822203678265e-07,9.84608443847701e-07,1.0067012708028604e-06,9.821227249795544e-07,9.950486418467318e-07,9.88296220076034e-07,9.694415697586109e-07
85,1.0035159715390554e-06,9.81332259561554e-07,9.826795781427896e-07,9.875274673558829e-07,1.004276414108363e-06,9.800773528224708e-07,9.921432673591449e-07,9.87276454452202e-07,9.677503546938159e-07
86,1.0040129544314437e-06,9.801158104264488e-07,9.794407078565028e-07,9.86714347490951e-07,1.0035638542426599e-06,9.797285285833502e-07,9.913331147091853e-07,9.901078038844154e-07,9.6670781470514e-07
87,1.005412976756245e-06,9.79836254065114e-07,9.799527234265815e-07,9.84531619665635e-07,1.003776530083088e-06,9.7930448438838e-07,9.8964349725595e-07,9.900389829150573e-07,9.6474184483635e-07
88,1.0027126619962533e-06,9.791081667550132e-07,9.821634030750946e-07,9.875939844167803e-07,1.0033792753049836e-06,9.795124234391878e-07,9.921720621738458e-07,9.900651520806838e-07,9.64454479440576e-07
89,9.978295536421386e-07,9.801108259703912e-07,9.835457970770698e-07,9.85907736081362e-07,1.000664432827877e-06,9.750630731915378e-07,9.869718063838764e-07,9.86134716727477e-07,9.638265391958516e-07
90,9.98630345599296e-07,9.771769559888217e-07,9.785950592787683e-07,9.857919661096588e-07,1.0017010268368438e-06,9.789598244459849e-07,9.84978148055223e-07,9.819631598652011e-07,9.611103660537278e-07
91,9.977639246573736e-07,9.764160322541114e-07,9.77717582152247e-07,9.85502439032931e-07,1.0022886496747618e-06,9.793980700592509e-07,9.8460010817129e-07,9.840839785713146e-07,9.603033381025335e-07
92,9.958498411618309e-07,9.727941227042868e-07,9.784374113774801e-07,9.840205335413534e-07,1.0001808265942668e-06,9.79533105324546e-07,9.86832863296733e-07,9.80203669960651e-07,9.555921832544209e-07
93,9.929940271470554e-07,9.723790447689613e-07,9.787800848690857e-07,9.834813165320294e-07,9.988586718476824e-07,9.801437147513152e-07,9.85750877175693e-07,9.812022140714805e-07,9.55640126599635e-07
94,9.925911219776724e-07,9.771964507714884e-07,9.802113483560889e-07,9.844963821149952e-07,9.98771453928507e-07,9.799667289962983e-07,9.839912623547775e-07,9.788379727739577e-07,9.54923070855949e-07
95,9.890539738276145e-07,9.796627914987628e-07,9.78867743975487e-07,9.852276276730285e-07,9.964850411294412e-07,9.773043270030477e-07,9.854653427349504e-07,9.82127320663306e-07,9.569801575349803e-07
96,9.864709959220353e-07,9.7767077558919e-07,9.78737830605726e-07,9.834357073815998e-07,9.954977610118172e-07,9.735402776903822e-07,9.853195467744633e-07,9.826837682473276e-07,9.543748439772327e-07
97,9.857944185616115e-07,9.764244097804257e-07,9.767833984770782e-07,9.839533833555709e-07,9.941811044650048e-07,9.71158776373463e-07,,,9.533204866878591e-07
98,9.861626364089485e-07,9.763396685225494e-07,9.781289025446583e-07,9.862282906776921e-07,9.962567546233338e-07,9.705588289117429e-07,,,9.545208138932324e-07
99,9.876171214746758e-07,9.757902469200519e-07,9.795755124137324e-07,9.8642567849685e-07,9.969784818994248e-07,9.707717654583584e-07,,,9.55107418591821e-07
100,9.882529706814069e-07,9.75832046111224e-07,9.75237724296858e-07,9.84604392386252e-07,9.947934411837558e-07,9.722084647271505e-07,9.862018519326858e-07,9.79193008394815e-07,9.53834513619106e-07
101,9.880650719785542e-07,9.746906621071842e-07,9.769306783977144e-07,9.825534358687395e-07,9.94326173734837e-07,9.741934590567567e-07,9.841692771111842e-07,9.777611965796442e-07,9.504168127039223e-07
102,9.837315895955158e-07,9.786172999334324e-07,9.787092571523336e-07,9.802933713458122e-07,9.90653081854732e-07,9.721551466918878e-07,9.837911494141838e-07,9.792154629004486e-07,9.475136855119132e-07
103,9.80962168394082e-07,9.76869029526044e-07,9.782871944600735e-07,9.818013909439043e-07,9.900155687580231e-07,9.702916947627686e-07,9.821652910479868e-07,9.774335158869609e-07,9.466579367498088e-07
104,9.783790746667305e-07,9.754071510709824e-07,9.77444072011969e-07,9.824736380576812e-07,9.861285563455359e-07,9.67768021938813e-07,9.820845351375205e-07,9.8222303863836e-07,9.464262540495865e-07
105,9.78971510367842e-07,9.741752545633512e-07,9.802422719995477e-07,9.829859252717333e-07,9.85067790360285e-07,9.686468303424965e-07,9.838055505506682e-07,9.869063557462493e-07,9.473004049417607e-07
106,9.759304567652396e-07,9.75116691545781e-07,9.792232664949974e-07,9.814328846672656e-07,9.86389570852523e-07,9.640257458961796e-07,9.847791261395414e-07,9.85979417815328e-07,9.424802164933831e-07
107,9.776304021095412e-07,9.727091172585297e-07,9.822028550608519e-07,9.764189353537706e-07,9.861614574528548e-07,9.667382672749331e-07,9.825827339742989e-07,9.832718717341572e-07,9.385609062501188e-07
108,9.749082059190333e-07,9.70195098084196e-07,9.804493955294569e-07,9.746481538508152e-07,9.823664921045411e-07,9.649996003197542e-07,9.789086400553003e-07,9.811510470021055e-07,9.348444657564911e-07
109,9.719202053649633e-07,9.671250355501414e-07,9.766289471635057e-07,9.726318060350991e-07,9.827643249667963e-07,9.64467823746839e-07,9.786414716898463e-07,9.790274998260689e-07,9.317519357033637e-07
110,9.707702938605355e-07,9.658002929634834e-07,9.762158167006509e-07,9.75014625752242e-07,9.811702923535503e-07,9.643970258335585e-07,9.742631014312755e-07,9.743115900627281e-07,9.291152975588595e-07
111,9.698640468540858e-07,9.663205006371198e-07,9.756217216438604e-07,9.77474793617723e-07,9.794428847728092e-07,9.645110399495489e-07,9.705956521140845e-07,9.74262208727024e-07,9.303005191622071e-07
112,9.6833529805492e-07,9.66944112653241e-07,9.73789327799469e-07,9.771396109517265e-07,9.811524054108106e-07,9.62628675793621e-07,9.709040854144496e-07,9.721506926875172e-07,9.262386401933284e-07
113,9.69904729214437e-07,9.666961986690395e-07,9.730354712300688e-07,9.769149480279823e-07,9.79629972807513e-07,9.59805981004288e-07,9.71559808012321e-07,9.728081804969412e-07,9.254863458870495e-07
114,9.674313072467257e-07,9.65073816895579e-07,9.754204585984236e-07,9.750109769102193e-07,9.771451890370611e-07,9.580436835159294e-07,9.70309646816491e-07,9.730255756502386e-07,9.233347580841247e-07
115,9.658652509912876e-07,9.650017424737644e-07,9.774407670989008e-07,9.781233730384282e-07,9.763727441158183e-07,9.590277988296689e-07,9.670625516472683e-07,9.726190977884633e-07,9.187107732669678e-07
116,9.65388790176936e-07,9.629373571873834e-07,9.77891144587134e-07,9.763286707297272e-07,9.742097818183083e-07,9.558514157130487e-07,9.614441740659777e-07,9.653433424591325e-07,9.150736672340945e-07
117,9.63982450103721e-07,9.60676249503881e-07,9.782998659477435e-07,9.779234645772214e-07,9.72027970221967e-07,9.525055681743283e-07,9.61928199208729e-07,9.620926113103396e-07,9.137121661604975e-07
118,9.642093050822145e-07,9.563125638111041e-07,9.75075775398491e-07,9.764846426810489e-07,9.697989583280286e-07,9.519726924216765e-07,9.647852550037583e-07,9.622874675897186e-07,9.104700523112342e-07
119,9.593019479581383e-07,9.587367992991242e-07,9.774844937539444e-07,9.789108162466877e-07,9.642904245713483e-07,9.483955259836271e-07,9.62546027741285e-07,9.599451875401282e-07,9.086908845714743e-07
120,9.57426532492174e-07,9.582814606652009e-07,9.761187863423013e-07,9.790847612889182e-07,9.5969239028675e-07,9.477235037489375e-07,9.653623077146348e-07,9.583731547037739e-07,9.075725842767564e-07
121,9.555495746541344e-07,9.585147005362993e-07,9.790498112479624e-07,9.742337390404757e-07,9.603017987400594e-07,9.485529853431616e-07,9.65078045767771e-07,9.577770164458123e-07,9.068867640177116e-07
122,9.5249879353767e-07,9.603027118516268e-07,9.81749299133301e-07,9.76460884215614e-07,9.612454566715162e-07,9.482249842640296e-07,9.62673952536659e-07,9.560124946123631e-07,9.032784522588476e-07
123,9.539953272344102e-07,9.571551994487419e-07,9.801546324279449e-07,9.75142125740612e-07,9.61193522760319e-07,9.492325920569035e-07,9.650324493581261e-07,9.553256663832895e-07,8.998039703511169e-07
124,9.557367956101769e-07,9.578950717088819e-07,9.805700142566453e-07,9.733159165030272e-07,9.583316062537049e-07,9.448334496954307e-07,9.654408686987796e-07,9.528504684691654e-07,8.975992508607993e-07
125,9.566800645391117e-07,9.58836381741092e-07,9.80039757588612e-07,9.726247351562732e-07,9.596235774950255e-07,9.423012039615055e-07,9.640447767707532e-07,9.516609065026136e-07,8.958708720015959e-07
126,9.548101826289309e-07,9.545242927839414e-07,9.793899264240245e-07,9.732464261431597e-07,9.585321689244486e-07,9.408971087070596e-07,9.628603502556471e-07,9.55034558869469e-07,8.959857458745873e-07
127,9.525958170483335e-07,9.515292421110817e-07,9.785416397598474e-07,9.70935458478994e-07,9.588341701150083e-07,9.406221747834523e-07,9.65375241421543e-07,9.57542485753496e-07,8.950932005613115e-07
128,9.52166451343424e-07,9.528191866712689e-07,9.76774538600069e-07,9.67352486261529e-07,9.564923904994098e-07,9.401652867974078e-07,9.638626515154044e-07,9.594735759188019e-07,8.933606870953864e-07
129,9.499478224371239e-07,9.50349552463132e-07,9.749488579550604e-07,9.665326345560479e-07,9.54741311847313e-07,9.412425470827872e-07,9.617024432426812e-07,9.581067121758976e-07,8.915527621378423e-07
130,9.521767131693681e-07,9.474403178940545e-07,9.76047461315284e-07,9.65781642121804e-07,9.533544405567344e-07,9.434948630708047e-07,9.581415346770263e-07,9.552269939216309e-07,8.898511500306647e-07
131,9.520243485998303e-07,9.485166068733336e-07,9.783047658588252e-07,9.66266616506155e-07,9.54631790979408e-07,9.445575279587908e-07,9.578029310473537e-07,9.52550684860993e-07,8.886289595555373e-07
132,9.480029440312923e-07,9.465115257423088e-07,9.786559345210272e-07,9.709924879860788e-07,9.51108087354784e-07,9.423488177988808e-07,9.557648867119904e-07,9.551467166425118e-07,8.869004390375967e-07
133,9.490931705133401e-07,9.451607962503668e-07,9.765000283219343e-07,9.70019420644781e-07,9.51093197348908e-07,9.413900328357014e-07,9.536984899664178e-07,9.52241026856173e-07,8.843774676842267e-07
134,9.500506369074235e-07,9.448703194690331e-07,9.74866777159083e-07,9.717214498853876e-07,9.503924132078019e-07,9.430565068938724e-07,9.514550121831364e-07,9.501521032094069e-07,8.85370566925458e-07
135,9.497548660124446e-07,9.429592712566336e-07,9.78355793646604e-07,9.680598304604383e-07,9.497127589653099e-07,9.442636968291212e-07,9.476681161906212e-07,9.485107793502251e-07,8.855979190006549e-07
136,9.489576959798963e-07,9.411449943176064e-07,9.764155229802709e-07,9.641661643488718e-07,9.512919460709068e-07,9.437673584218629e-07,9.472903664456101e-07,9.475369131114621e-07,8.850968156324585e-07
137,9.475587253490456e-07,9.40768268921968e-07,9.76128921110292e-07,9.670274293552629e-07,9.48468187051288e-07,9.450655674462095e-07,9.487750804359249e-07,9.473462786547219e-07,8.85285859666164e-07
138,9.482713368864276e-07,9.386689359826891e-07,9.735718922461835e-07,9.631261031774018e-07,9.481272397340203e-07,9.467521026103575e-07,9.458437779338316e-07,9.479251980467468e-07,8.842886713505417e-07
139,9.49228839114895e-07,9.373617438014939e-07,9.758359671357e-07,9.62627129434126e-07,9.465483325871686e-07,9.469071148067885e-07,9.444985924723221e-07,9.47774125143952e-07,8.835141517452301e-07
140,9.494267552137099e-07,9.371186430039827e-07,9.767975788962689e-07,9.600012740473393e-07,9.465156455556563e-07,9.492688728699009e-07,9.413369263075936e-07,9.471754470277906e-07,8.838295895141359e-07
141,9.480576869286175e-07,9.371539169100111e-07,9.757168319720567e-07,9.603396998432506e-07,9.439795125438303e-07,9.466754147759347e-07,9.394905593844743e-07,9.46408583996291e-07,8.829294745278798e-07
142,9.461179371920728e-07,9.365481677971767e-07,9.770618297899464e-07,9.608783191265554e-07,9.468347975908978e-07,9.453752824249104e-07,9.367761340692992e-07,9.471177927849616e-07,8.799310378479292e-07
143,9.48531353951054e-07,9.347756315573813e-07,9.765233021061704e-07,9.61421857216737e-07,9.440916633856344e-07,9.41104942565102e-07,9.319366696719539e-07,9.431748188423034e-07,8.761541484927631e-07
144,9.491331327409216e-07,9.339913689281852e-07,9.77840266271858e-07,9.590790683911657e-07,9.473770962928537e-07,9.417340559591007e-07,9.35592933001838e-07,9.42598312256902e-07,8.787509470912779e-07
145,9.483242077149727e-07,9.327142967419017e-07,9.773250846391858e-07,9.560276641447853e-07,9.468724887287448e-07,9.410549863575779e-07,9.336090942187374e-07,9.447772756118979e-07,8.808003589219872e-07
146,9.406760550565488e-07,9.300281698881433e-07,9.777464890971055e-07,9.547066266108724e-07,9.464896199132813e-07,9.390247841298388e-07,9.333737826439922e-07,9.475025784300301e-07,8.828208329518304e-07
147,9.408664366578767e-07,9.317978381473804e-07,9.76897913219893e-07,9.55590557089765e-07,9.475714560498719e-07,9.346236237380848e-07,9.321385199998472e-07,9.49062695101329e-07,8.833307135471979e-07
148,9.3996106592234e-07,9.315267676068514e-07,9.795936285279636e-07,9.546594874210597e-07,9.451972283481408e-07,9.345122492951336e-07,9.318412426820534e-07,9.525132293377941e-07,8.832598618509007e-07
149,9.374466238089739e-07,9.33262543201496e-07,9.765185519392445e-07,9.532734517076449e-07,9.438104974883126e-07,9.35288518723809e-07,9.307732506601916e-07,9.515317089343007e-07,8.831635714238159e-07
150,9.365834933888111e-07,9.355146461845306e-07,9.770621431105166e-07,9.517184827097372e-07,9.463875231066526e-07,9.370242755785692e-07,9.274661939771055e-07,9.496223661653214e-07,8.868442888609555e-07
151,9.33970931414566e-07,9.393834192648384e-07,9.799870600799769e-07,9.533024428257286e-07,9.432374250659793e-07,9.33921266425072e-07,9.242669168020064e-07,9.507088860814387e-07,8.875754672601354e-07
152,9.341476056447531e-07,9.395553090917508e-07,9.788401233183178e-07,9.525462895882975e-07,9.452689291565879e-07,9.352941593892395e-07,9.248660111049931e-07,9.488647172528052e-07,8.866324962777226e-07
153,9.366133810246045e-07,9.413707011485179e-07,9.804230861305609e-07,9.513226708014926e-07,9.437887295195654e-07,9.3857031525652e-07,9.213155734036643e-07,9.47711635902286e-07,8.888749820302603e-07
154,9.333821746464354e-07,9.411469521223443e-07,9.790505871295203e-07,9.503342239473891e-07,9.4344919077914e-07,9.394752872315406e-07,9.198725216288609e-07,9.437557346446256e-07,8.852212219876857e-07
155,9.338996581931935e-07,9.415267424786176e-07,9.80636951273029e-07,9.535246815157819e-07,9.444525963993692e-07,9.378775981295936e-07,9.187344531008832e-07,9.435898651319666e-07,8.868480543137259e-07
156,9.326471728557772e-07,9.451476078964924e-07,9.835317773625061e-07,9.587269050322196e-07,9.414250337526247e-07,9.358691760684411e-07,9.174200000175067e-07,9.468135275870644e-07,8.877485855444724e-07
157,9.32375664606996e-07,9.449555330491884e-07,9.83144839074095e-07,9.580845489659376e-07,9.450726944932272e-07,9.349066303161404e-07,9.178272387632112e-07,9.489781559281091e-07,8.8939025141438e-07
158,9.302314283298612e-07,9.450752434802819e-07,9.865394499570456e-07,9.577386820690955e-07,9.441597648125252e-07,9.330784013827376e-07,9.184007847616333e-07,9.523034046007612e-07,8.897989024907163e-07
159,9.308667993661915e-07,9.4437090038666e-07,9.863438955425901e-07,9.56022461313075e-07,9.474161919744857e-07,9.358696484047804e-07,9.169679626714737e-07,9.504318519380719e-07,8.893011746393948e-07
160,9.319910556810459e-07,9.418121011332228e-07,9.812118245763093e-07,9.583985235576662e-07,9.466422410686944e-07,9.359987430820349e-07,9.18297833853212e-07,9.488211480102067e-07,8.896610304991799e-07
161,9.321005234203235e-07,9.382612691853903e-07,9.779489333580609e-07,9.581246504764438e-07,9.469690615447719e-07,9.370257965672203e-07,9.154243181498035e-07,9.504281271913216e-07,8.905906092117758e-07
162,9.330106244711352e-07,9.380272053167821e-07,9.823597877337845e-07,9.603400509543899e-07,9.468072813444578e-07,9.36428043649264e-07,9.170144133377483e-07,9.497296721389382e-07,8.926355972107796e-07
163,9.319554102603233e-07,9.423048748816086e-07,9.837931579928724e-07,9.597338418504278e-07,9.439036379899578e-07,9.332626076765241e-07,9.13331746010469e-07,9.478715908652228e-07,8.936814402799673e-07
164,9.349625931498891e-07,9.427182021704262e-07,9.847436555012065e-07,9.579074730521174e-07,9.468790715143324e-07,9.344607653901536e-07,9.113969025732316e-07,9.474467471441576e-07,8.952667316714116e-07
165,9.356793851738881e-07,9.423952221343567e-07,9.876360699434896e-07,9.616039655347204e-07,9.48619980494176e-07,9.329601458343885e-07,9.11000089987194e-07,9.490725455265255e-07,8.977558453736574e-07
166,9.349608154520511e-07,9.40812135281242e-07,9.857684936290498e-07,9.579698275049596e-07,9.465950540224982e-07,9.326310544720568e-07,9.075527580392938e-07,9.466195449504209e-07,8.974829990853841e-07
167,9.347489544067384e-07,9.417481755233659e-07,9.88405783164087e-07,9.57201844741693e-07,9.466009552492498e-07,9.335000245883799e-07,9.09263394493988e-07,9.48550167105125e-07,8.975342193367036e-07
168,9.357067638985915e-07,9.391341412977e-07,9.861916405757185e-07,9.584538806773682e-07,9.494302784148462e-07,9.348233792167192e-07,9.070295975077588e-07,9.490958314755287e-07,9.003958257013735e-07
169,9.360124859088139e-07,9.389106007623871e-07,9.860876248793008e-07,9.585613709431998e-07,9.482095024395951e-07,9.317942930765028e-07,9.064055923791544e-07,9.495005273312219e-07,9.038856603513717e-07
170,9.327828100489426e-07,9.355046784704379e-07,9.88708867037166e-07,9.593229018676894e-07,9.462034283699427e-07,9.301000139475969e-07,9.08559880131644e-07,9.49872985435247e-07,9.060261567495631e-07
171,9.307877775989543e-07,9.34217224365612e-07,9.872176968489564e-07,9.565652460535537e-07,9.428985696103772e-07,9.323416639845403e-07,9.052777271549883e-07,9.460737943881964e-07,9.034187115489448e-07
172,9.304035585468827e-07,9.337137358869586e-07,9.87534710543075e-07,9.573231100708311e-07,9.438697232316936e-07,9.340809742968868e-07,9.060132649776708e-07,9.449811047227191e-07,9.009838976316905e-07
173,9.297582863060531e-07,9.319442670916863e-07,9.887060914118102e-07,9.565014941111517e-07,9.45166432483305e-07,9.335606792139415e-07,9.046810085357802e-07,9.429852629744998e-07,9.01415287675554e-07
174,9.286276498728932e-07,9.301761127814234e-07,9.908271709057008e-07,9.554818840859314e-07,9.450981132651476e-07,9.348114975137868e-07,9.032819588561228e-07,9.413768816953702e-07,9.014306843414626e-07
175,9.309662037933491e-07,9.301437554733519e-07,9.88498014498416e-07,9.5085849689428e-07,9.456352284946767e-07,9.330082464876731e-07,9.027922764778645e-07,9.411517430789319e-07,9.024969137966856e-07
176,9.268359995208182e-07,9.29264140750312e-07,9.855331958251598e-07,9.473899194554672e-07,9.441918454956945e-07,9.324198249670646e-07,9.029410349682663e-07,9.396428743375302e-07,9.013968838157557e-07
177,9.267509204565112e-07,9.27494932683788e-07,9.853209992101236e-07,9.46346124731251e-07,9.440702847018659e-07,9.323331719255041e-07,9.045119648203071e-07,9.389234818810843e-07,9.008334927598922e-07
178,9.236933877286464e-07,9.282511842453448e-07,9.832623773281194e-07,9.44142842445728e-07,9.407151531210315e-07,9.290304110068703e-07,9.072557858069739e-07,9.368582410817825e-07,8.981482064198295e-07
179,9.213595207710367e-07,9.2976720494111e-07,9.846031176118623e-07,9.461871766198055e-07,9.42451391007556e-07,9.273513005975015e-07,9.066597726772059e-07,9.373139735567107e-07,8.982092434038559e-07
180,9.239146460391607e-07,9.264341884544996e-07,9.811762428149169e-07,9.455520943319079e-07,9.452167118805636e-07,9.330574433613874e-07,9.049231795447411e-07,9.361866970663063e-07,9.003413030824837e-07
181,9.247265490873424e-07,9.277016695141803e-07,9.8371097060257e-07,9.442078115319752e-07,9.4724929481255e-07,9.346823603861725e-07,9.054806072779871e-07,9.365153039103283e-07,8.994131457203838e-07
182,9.247357365252636e-07,9.237647884003424e-07,9.839836512207939e-07,9.453316421801898e-07,9.465239597850519e-07,9.346582628403828e-07,9.068910438240727e-07,9.365100036694746e-07,8.984656238457784e-07
183,9.25302374750432e-07,9.217190354480748e-07,9.81304067471926e-07,9.470803136132676e-07,9.47633938673672e-07,9.357772695583884e-07,9.047728946156622e-07,9.331910551357191e-07,8.974745356459784e-07
184,9.236728887496422e-07,9.216338447845984e-07,9.813335803115682e-07,9.484305516885015e-07,9.477512992869611e-07,9.355182862490174e-07,9.016062581175335e-07,9.302111001076119e-07,8.983858577832302e-07
185,9.240309469395496e-07,9.223629881134215e-07,9.849861552972626e-07,9.451334463563052e-07,9.504637424696e-07,9.392670235922313e-07,9.013870420549448e-07,9.329230295850935e-07,8.970032054679854e-07
186,9.223820991339584e-07,9.217813924565707e-07,9.821973760530572e-07,9.432812859842131e-07,9.474798492681607e-07,9.38863895968915e-07,9.040002925317699e-07,9.350442522248048e-07,8.989012939496344e-07
187,9.216913891522184e-07,9.196519580356297e-07,9.817714681285632e-07,9.42345117561824e-07,9.468933466890912e-07,9.378786460103867e-07,9.072022401313256e-07,9.349077143614772e-07,8.978655326787672e-07
188,9.201700763124666e-07,9.194511978953025e-07,9.827957459737068e-07,9.444723360958985e-07,9.485813494047114e-07,9.417577021732862e-07,9.086407737437703e-07,9.34205034315482e-07,8.984406946001623e-07
189,9.191560796943285e-07,9.20096994322486e-07,9.822739674315311e-07,9.474628810696981e-07,9.470323094145147e-07,9.419204586139546e-07,9.081594844784294e-07,9.370516568914324e-07,8.988795353894666e-07
190,9.172340983822232e-07,9.203019541455608e-07,9.820328934755792e-07,9.457863029688635e-07,9.464624855369458e-07,9.419912727512526e-07,9.064653136802638e-07,9.371379254246695e-07,8.995401754259756e-07
191,9.164875881428775e-07,9.197585450077391e-07,9.84724098321273e-07,9.464004692680589e-07,9.477313398242919e-07,9.4119247595512e-07,9.04240600405042e-07,9.353525458516763e-07,8.986184593088796e-07
192,9.147991950940993e-07,9.196586922948107e-07,9.827607298941825e-07,9.438702062521306e-07,9.445673650121252e-07,9.391039034779045e-07,9.028055710907571e-07,9.352346126487631e-07,8.992365372020144e-07
193,9.106719197716019e-07,9.199030848246053e-07,9.83166666677555e-07,9.426562441573036e-07,9.438968798678627e-07,9.385332928349756e-07,9.034872160385594e-07,9.370073250146676e-07,8.998709726578912e-07
194,9.111790735212251e-07,9.181099752853219e-07,9.821796441744445e-07,9.387801901736331e-07,9.444784662748576e-07,9.384129633258776e-07,9.01108329586742e-07,9.356198588742995e-07,8.960597109428412e-07
195,9.127311443986222e-07,9.198471974467708e-07,9.825828172577396e-07,9.374156951255082e-07,9.447068295970065e-07,9.392005555343439e-07,9.01418400799934e-07,9.364287321922264e-07,8.961620728461042e-07
196,9.114151268293813e-07,9.18937273119894e-07,9.800967027729077e-07,9.35865302066168e-07,9.441427074264527e-07,9.396983398114483e-07,8.995093464981941e-07,9.342441981586059e-07,8.984497556082582e-07
197,9.119814361247933e-07,9.197685711944844e-07,9.788647394845504e-07,9.363518759097498e-07,9.469286125928231e-07,9.429397565252304e-07,8.997151820052878e-07,9.333985123382907e-07,8.974135653099796e-07
198,9.118398449853671e-07,9.194703647690502e-07,9.789399363028423e-07,9.400498140614715e-07,9.465112556060967e-07,9.428448025158372e-07,8.981187438538185e-07,9.395755534813108e-07,9.00119894693868e-07
199,9.112877882029988e-07,9.173421814854055e-07,9.79773716401776e-07,9.396186794782881e-07,9.514181458526195e-07,9.417653911993586e-07,8.970887620890167e-07,9.405866790726843e-07,9.021503972295566e-07
200,9.10767180344387e-07,9.140866247127849e-07,9.815312748929294e-07,9.380944663704908e-07,9.53846769864104e-07,9.393108652022798e-07,8.967579305712373e-07,9.402292530686931e-07,9.032028684057788e-07
201,9.081881740280534e-07,9.151439347578579e-07,9.805599416348237e-07,9.375287074743528e-07,9.534827454239441e-07,9.385439135580627e-07,8.989243724195721e-07,9.413757854579955e-07,9.023241684383446e-07
202,9.053393974996284e-07,9.123931585617532e-07,9.801363349676808e-07,9.376465280499109e-07,9.552465585713702e-07,9.38792771733498e-07,9.001354874133272e-07,9.429760728681211e-07,9.038350091677688e-07
203,9.045145717167779e-07,9.137972248706063e-07,9.795001704280416e-07,9.37328419700793e-07,9.519958746882231e-07,9.378177132508719e-07,9.003130985783535e-07,9.40474495679874e-07,8.994038392990758e-07
204,9.044477957574603e-07,9.133789645162952e-07,9.797408932332465e-07,9.356996633258498e-07,9.503090620462171e-07,9.358606574529055e-07,9.031971596425032e-07,9.410400713999992e-07,8.993837812127434e-07
205,8.995660381168411e-07,9.085015381467508e-07,9.793534163534799e-07,9.345159425999988e-07,9.498547764962554e-07,9.35831863782683e-07,9.040530763928908e-07,9.402743514316115e-07,9.003810126979196e-07
206,8.991048147064564e-07,9.093773312526294e-07,9.845844063582319e-07,9.334482763764203e-07,9.48965586926065e-07,9.362488136989528e-07,9.027815325460384e-07,9.384588739602044e-07,8.966307683584414e-07
207,8.999804408483805e-07,9.095757473039508e-07,9.830849936668147e-07,9.350680595916976e-07,9.478761203156743e-07,9.38457797084586e-07,9.042391418579047e-07,9.361463655116909e-07,8.953102746174433e-07
208,8.981301329054269e-07,9.129696732510108e-07,9.835995410869845e-07,9.350035748733947e-07,9.482233314057504e-07,9.371713372548437e-07,9.094806541597792e-07,9.349806913820742e-07,8.965962723204667e-07
209,8.968525860782849e-07,9.115404626435888e-07,9.808891711839794e-07,9.346133678937388e-07,9.493113219437752e-07,9.397449004463e-07,9.093544207997448e-07,9.370161997410164e-07,8.970973921047763e-07
210,8.957225304502459e-07,9.152190562986748e-07,9.79799926441602e-07,9.351338163258075e-07,9.493694076573998e-07,9.432204226901854e-07,9.098054668849428e-07,9.373351273223731e-07,8.958726033246052e-07
211,8.943852864059085e-07,9.149579746975409e-07,9.820238365020478e-07,9.350085653341269e-07,9.466165308918791e-07,9.397549186862203e-07,9.101073208918986e-07,9.372515945280173e-07,8.959425596118378e-07
212,8.96254184087323e-07,9.158163319345744e-07,9.85721279844001e-07,9.373018433790513e-07,9.481795223022789e-07,9.416570765746483e-07,9.114481116554698e-07,9.349652954291304e-07,8.991983495426264e-07
213,8.926401115290475e-07,9.146384218498408e-07,9.87866772076976e-07,9.349463734094495e-07,9.507228291777044e-07,9.396451455507895e-07,9.123802560993617e-07,9.326599199329028e-07,9.003403806284606e-07
214,8.912954262402145e-07,9.112632631122007e-07,9.865533565850882e-07,9.329206430086076e-07,9.48192473397286e-07,9.368971009321352e-07,9.09638295537354e-07,9.27145707406622e-07,9.021114209210935e-07
215,8.926929687129436e-07,9.138194118391936e-07,9.913680118777149e-07,9.348589646672259e-07,9.499324892849129e-07,9.39174207443491e-07,9.137469366577229e-07,9.288262825868812e-07,9.02917988405428e-07
216,8.925677366254962e-07,9.134840402659572e-07,9.93155048783599e-07,9.29056714907017e-07,9.469304769089747e-07,9.369087005393959e-07,9.157919552110524e-07,9.295687324428799e-07,9.048266307272535e-07
217,8.923002512025056e-07,9.120766418438129e-07,9.96332218204612e-07,9.267002215635455e-07,9.460638688379027e-07,9.342578737915587e-07,9.147829475668144e-07,9.251947822329489e-07,9.076532161622689e-07
218,8.936782813605779e-07,9.116590876457612e-07,9.957162281400764e-07,9.276610235558784e-07,9.449868493239071e-07,9.340178529536924e-07,9.135354209190312e-07,9.230942942581252e-07,9.082006767089924e-07
219,8.918108645739741e-07,9.122317585005663e-07,9.966188607187351e-07,9.249630433919811e-07,9.4489107720791e-07,9.343696641262251e-07,9.158109697273964e-07,9.244072864671573e-07,9.128556521785407e-07
220,8.910665538887006e-07,9.084449209161525e-07,9.925681228870902e-07,9.20304036313342e-07,9.430675610854276e-07,9.308676604054936e-07,9.156300991794575e-07,9.227490836351046e-07,9.169307414630713e-07
221,8.897955333259149e-07,9.096374154329719e-07,9.912057474056086e-07,9.169426604802575e-07,9.401073286551964e-07,9.267240762533868e-07,9.153281779678771e-07,9.217003414777927e-07,9.193827012700204e-07
222,8.908361034018819e-07,9.105441358673555e-07,9.961353904314772e-07,9.146918461207587e-07,9.384903732283951e-07,9.260706503154007e-07,9.136236614078704e-07,9.220416827561878e-07,9.212271876551785e-07
223,8.920580192109451e-07,9.10044235526278e-07,9.968312946777476e-07,9.132802552957458e-07,9.40883710557364e-07,9.252191658074175e-07,9.126176095258152e-07,9.200023830697279e-07,9.297757329706224e-07
224,8.913834383652503e-07,9.104704780389264e-07,9.972177753492871e-07,9.149306420874996e-07,9.407934207686825e-07,9.226507636752739e-07,9.150070599953382e-07,9.228622948261287e-07,9.433351071433226e-07
225,8.907419913844144e-07,9.093403857537463e-07,9.95473538978329e-07,9.136591460061435e-07,9.410136198584169e-07,9.216198722107408e-07,9.134603798780107e-07,9.218261676313985e-07,9.49580053903407e-07
226,8.924589947594268e-07,9.094164648762552e-07,9.974491912236218e-07,9.127282552177213e-07,9.416453289694023e-07,9.20179862897456e-07,9.140942223473297e-07,9.199173764717455e-07,9.58529649422347e-07
227,8.926041537424769e-07,9.118442603625814e-07,1.001447820941112e-06,9.143227676060908e-07,9.437754090249445e-07,9.186577323500488e-07,9.132756806930295e-07,9.208361247581363e-07,9.718629976564303e-07
228,8.893219638105497e-07,9.125928480932147e-07,9.994302715223238e-07,9.158479147317673e-07,9.441608597648246e-07,9.185776810768559e-07,9.098149423709939e-07,9.189582622012306e-07,9.891626072823917e-07
229,8.907222329296381e-07,9.133296644991235e-07,9.978683297537397e-07,9.186047601371636e-07,9.489640816299944e-07,9.175008830298226e-07,9.110547372026108e-07,9.179486867183723e-07,1.0044305112120228e-06
230,8.878385274241708e-07,9.151705506272962e-07,9.961483965258468e-07,9.184605736965121e-07,9.50174208837543e-07,9.193639582424489e-07,9.096051088200738e-07,9.16929807529127e-07,1.0194359964047723e-06
231,8.857994900861177e-07,9.13756397496412e-07,9.950016893404919e-07,9.194331428916213e-07,9.5061154860271e-07,9.204407520833919e-07,9.065406644490182e-07,9.149545050123439e-07,1.0354292100272405e-06
232,8.871159084036765e-07,9.124233223020235e-07,9.931498943931739e-07,9.194936822004427e-07,9.534528024614894e-07,9.191334116905183e-07,9.038170082509328e-07,9.116295177119873e-07,1.0496359148515312e-06
233,8.852413646858661e-07,9.101548421785523e-07,9.909307034975944e-07,9.170869098338387e-07,9.514316872705976e-07,9.158317649947447e-07,9.048656256017929e-07,9.125091672318665e-07,1.059877481263111e-06
234,8.850843061694264e-07,9.093830797710275e-07,9.891401344332278e-07,9.16305833784606e-07,9.493477613688463e-07,9.172346046605204e-07,9.050285941869466e-07,9.131664661769132e-07,1.0652872656559883e-06
235,8.84319108292254e-07,9.106911315133599e-07,9.875938640515649e-07,9.172398399700476e-07,9.485023092842663e-07,9.173249573229739e-07,9.050310842597903e-07,9.150247019825879e-07,1.0716138863857524e-06
236,8.854422212327896e-07,9.106344881269967e-07,9.817923280379979e-07,9.160060008557147e-07,9.509206934204488e-07,9.150935122287284e-07,9.039583853090512e-07,9.157395487688104e-07,1.077783437907108e-06
237,8.802102981599596e-07,9.113035364258028e-07,9.790326768281634e-07,9.136753123264835e-07,9.513458625704243e-07,9.130218528306203e-07,9.006811546950324e-07,9.190219455377498e-07,1.0818286764201525e-06
238,8.804605677553796e-07,9.137549161344059e-07,9.799283431880586e-07,9.17419622597758e-07,9.538103480953824e-07,9.162944332589599e-07,9.014162603307603e-07,9.199040325867839e-07,1.0875875063847969e-06
239,8.785927336218416e-07,9.139831659445661e-07,9.759282167838696e-07,9.177238500737254e-07,9.509975311004064e-07,9.138488150187608e-07,8.980241237415256e-07,9.156003466585789e-07,1.0859735844392596e-06
240,8.77114401757021e-07,9.144718568130756e-07,9.75627981326796e-07,9.160887664974023e-07,9.525582981965248e-07,9.132653576308822e-07,8.992067150584035e-07,9.180152588632001e-07,1.08753762137561e-06
241,8.771079559370326e-07,9.177943119289596e-07,9.746410204769171e-07,9.198352809666474e-07,9.527663005744868e-07,9.105587427466157e-07,8.972321290050043e-07,9.154333850065748e-07,1.0838668525330573e-06
242,8.754066198413879e-07,9.131920368772564e-07,9.708141014709748e-07,9.201164943345933e-07,9.543995021075173e-07,9.103100238781644e-07,8.969189342755768e-07,9.122302855836706e-07,1.0818035884966123e-06
243,8.768610966824184e-07,9.134572561581976e-07,9.68193929836228e-07,9.185726274195993e-07,9.540374643753462e-07,9.107769512043244e-07,8.954560329505565e-07,9.116773368507597e-07,1.0817205612188882e-06
244,8.758394257598393e-07,9.175792587855003e-07,9.675794480043254e-07,9.18718109086088e-07,9.523102384799366e-07,9.088073417929092e-07,8.935801559675132e-07,9.072504649417665e-07,1.0774475151368017e-06
245,8.747673092022486e-07,9.139420754133544e-07,9.627682685538465e-07,9.185552174918599e-07,9.51951508187305e-07,9.095882894324635e-07,8.921550733799304e-07,9.076231720481063e-07,1.0738178338020909e-06
246,8.747539439899174e-07,9.155268462345027e-07,9.603792133449582e-07,9.181390234445439e-07,9.523536214360495e-07,9.070227788918586e-07,8.874647222915597e-07,9.050423664405083e-07,1.0683522722249079e-06
247,8.713192801776694e-07,9.170105666679021e-07,9.590533318609752e-07,9.180567759450048e-07,9.537238932052628e-07,9.067530474909333e-07,8.861707409659695e-07,9.037949897953735e-07,1.0644726878916162e-06
248,8.733942135699162e-07,9.209682887360729e-07,9.577576620648219e-07,9.19104037019626e-07,9.548409107022641e-07,9.0829159795458e-07,8.855104496296911e-07,9.029530170249038e-07,1.0574409717690114e-06
249,8.730463043772136e-07,9.223623759673478e-07,9.561323925721066e-07,9.179980381795768e-07,9.560951669172228e-07,9.061254318442406e-07,8.836270792048063e-07,9.019462353796631e-07,1.0557704444991166e-06
250,8.730893851429636e-07,9.281296707943567e-07,9.530367781598687e-07,9.183162910989816e-07,9.562996208031937e-07,9.052074091735761e-07,8.809973043388957e-07,9.038103637515164e-07,1.0503350916242161e-06
251,8.715775000394656e-07,9.324733360189476e-07,9.503367557938224e-07,9.166082245086912e-07,9.527405909483407e-07,9.041656098037172e-07,8.791118008033274e-07,9.036220439354112e-07,1.0472640679344094e-06
252,8.711723137617542e-07,9.323406148544355e-07,9.459982225365644e-07,9.158247576184516e-07,9.549017242066126e-07,9.049736090333755e-07,8.766960022400893e-07,9.048229663571371e-07,1.0404173083728981e-06
253,8.69487787700257e-07,9.378367154989803e-07,9.452576241470082e-07,9.146368952458535e-07,9.510355360232149e-07,9.0404805721119e-07,8.759294619556529e-07,9.081169788765171e-07,1.0385039158369804e-06
254,8.720880820724632e-07,9.37319109772143e-07,9.420898765159661e-07,9.13445778871414e-07,9.523552355842394e-07,9.052339193135244e-07,8.734580571508146e-07,9.069007547259652e-07,1.0317921390018844e-06
255,8.71332869278681e-07,9.35568187670704e-07,9.424032911326653e-07,9.160525263543196e-07,9.490753803212022e-07,9.036712934429694e-07,8.709155219775276e-07,9.034401484805526e-07,1.0253077579777952e-06
256,8.724714264668217e-07,9.38946840699824e-07,9.419036766099776e-07,9.117163911302091e-07,9.495916817773612e-07,9.05596204977998e-07,8.671585610139696e-07,8.995711998882093e-07,1.0196784134213304e-06
257,8.691515243470201e-07,9.43984277996424e-07,9.438248726165485e-07,9.137336626903571e-07,9.474191783588599e-07,9.08737671913892e-07,8.669914237683951e-07,8.982512965574667e-07,1.0153178506661374e-06
258,8.685991990060998e-07,9.420614322156382e-07,9.422505977025863e-07,9.16157776891492e-07,9.486599951549079e-07,9.100577049678208e-07,8.694114264682699e-07,8.970397053984829e-07,1.0100856812278581e-06
259,8.656233748948052e-07,9.42424345506933e-07,9.415217338608009e-07,9.17044061016956e-07,9.462454995022505e-07,9.09107602292069e-07,8.671358474850563e-07,8.963607851442227e-07,1.0060237813156792e-06
260,8.665933860871428e-07,9.421305939633555e-07,9.441606413494128e-07,9.16143032829194e-07,9.475595234627171e-07,9.120464774985073e-07,8.656270199026708e-07,8.92853991422151e-07,1.0015614543112092e-06
261,8.647925725832853e-07,9.417605331040455e-07,9.408795546411747e-07,9.1717224335354e-07,9.473384393586842e-07,9.145061018260983e-07,8.64327130271137e-07,8.908137905537629e-07,9.950928491160935e-07
262,8.668887272075888e-07,9.440239000937588e-07,9.39425186280287e-07,9.186531066551139e-07,9.452646291763155e-07,9.158575950679056e-07,8.625001082232076e-07,8.909517547612672e-07,9.909175653913406e-07
263,8.669310654156339e-07,9.440606255673451e-07,9.374092029283228e-07,9.209658015975045e-07,9.464622882444707e-07,9.169145782458594e-07,8.631605002855588e-07,8.875884922793966e-07,9.914340365107437e-07
264,8.657124500018056e-07,9.431440933327795e-07,9.375181901618823e-07,9.223180597342854e-07,9.484478638036634e-07,9.181826491708568e-07,8.629598070011982e-07,8.905090310895747e-07,9.86709021337134e-07
265,8.652736305103036e-07,9.41125514027914e-07,9.384720147430909e-07,9.213822206295299e-07,9.483108989637937e-07,9.178396857559299e-07,8.610305549741951e-07,8.876438890416867e-07,9.814426119939253e-07
266,8.658781763303476e-07,9.4087132617639e-07,9.371843133058611e-07,9.23058604048532e-07,9.488400079674738e-07,9.189703349918796e-07,8.608451359198215e-07,8.872830365238764e-07,9.76953698527946e-07
267,8.685900595061587e-07,9.400578447434151e-07,9.382388409523451e-07,9.205016045494323e-07,9.489347822674544e-07,9.182409907102381e-07,8.583497151674148e-07,8.863811561116611e-07,9.714920305007316e-07
268,8.706024167236164e-07,9.402309193306928e-07,9.34961047793006e-07,9.189933002862744e-07,9.501569962383184e-07,9.220480189335555e-07,8.597440254447378e-07,8.842656487210113e-07,9.639860086389177e-07
269,8.707324974378632e-07,9.427505695246136e-07,9.371626809483792e-07,9.181757590991248e-07,9.471205561703387e-07,9.196788312787683e-07,8.590494756691722e-07,8.853856943581611e-07,9.62666120733734e-07
270,8.705617028946347e-07,9.455074814831056e-07,9.34715446591251e-07,9.179045319636268e-07,9.424270862896892e-07,9.190861480569012e-07,8.630696000633076e-07,8.861813990397026e-07,9.62455117974124e-07
271,8.720086319372955e-07,9.470834651992907e-07,9.325020326704068e-07,9.162415858239482e-07,9.400786856413008e-07,9.180593131496232e-07,8.613680790385009e-07,8.864871305500887e-07,9.573339027530069e-07
272,8.707382559702711e-07,9.477062682873702e-07,9.321260308557034e-07,9.170983301510689e-07,9.387438009930992e-07,9.141972253179048e-07,8.591121711490617e-07,8.837093544686316e-07,9.532022214437427e-07
273,8.691073625507005e-07,9.488808222671957e-07,9.316050527406336e-07,9.181850345538764e-07,9.360092240676099e-07,9.144610237522623e-07,8.608076965307995e-07,8.840767783631206e-07,9.506796916891253e-07
274,8.713018329066408e-07,9.473799980430371e-07,9.302947961965465e-07,9.174935872258413e-07,9.36145450505446e-07,9.137185167738175e-07,8.611265617141475e-07,8.821208518053826e-07,9.508029858673095e-07
275,8.668557272937734e-07,9.5179567777355e-07,9.314448520764436e-07,9.197707248791711e-07,9.349045052582864e-07,9.113391526198663e-07,8.628823031200484e-07,8.820944764748615e-07,9.508536453537507e-07
276,8.679604562250027e-07,9.546581552066041e-07,9.308953015580456e-07,9.183749534530569e-07,9.342626985906664e-07,9.10825251659996e-07,8.60306563367691e-07,8.836415839458508e-07,9.457170564897458e-07
277,8.674228125526367e-07,9.581185879307456e-07,9.319003015772377e-07,9.203088235050007e-07,9.348116867281637e-07,9.103799388474952e-07,8.588704002917034e-07,8.812972185841674e-07,9.407314713694175e-07
278,8.68543623432965e-07,9.595455241597185e-07,9.330053896245704e-07,9.172697399975026e-07,9.333438339788822e-07,9.105237747133346e-07,8.583162885505821e-07,8.840709931813061e-07,9.389908220516698e-07
279,8.670352309075683e-07,9.611032223352114e-07,9.323939411804589e-07,9.173140826416589e-07,9.314553613631128e-07,9.114141230581491e-07,8.602204604699907e-07,8.827663166729518e-07,9.369988794018656e-07
280,8.656751720980597e-07,9.64355750444102e-07,9.340944091420532e-07,9.183712696401622e-07,9.290756673886699e-07,9.146202193097716e-07,8.599637030545558e-07,8.814211061166911e-07,9.355560777986559e-07
281,8.637924738053421e-07,9.654378016427073e-07,9.317148495786767e-07,9.178378661542948e-07,9.2626835795056e-07,9.160398863469172e-07,8.608525497165959e-07,8.815271190134452e-07,9.347909933856952e-07
282,8.619861297880332e-07,9.614117288133708e-07,9.271380853409027e-07,9.146667137578264e-07,9.261991264742068e-07,9.15505402404084e-07,8.632732494711115e-07,8.846195202934815e-07,9.344076660348472e-07
283,8.608694852203297e-07,9.604815355605209e-07,9.248775671828099e-07,9.1244167899348e-07,9.244552268579967e-07,9.147513387008831e-07,8.614659410667261e-07,8.82603526283891e-07,9.335432148924551e-07
284,8.623308124542134e-07,9.628917599648474e-07,9.225733824846736e-07,9.105182408584731e-07,9.23030785220152e-07,9.173621236674469e-07,8.622605809867906e-07,8.835561094557252e-07,9.285871714224612e-07
285,8.631068528167945e-07,9.601963178346864e-07,9.217720530187216e-07,9.098669359726312e-07,9.232269883353451e-07,9.194342919428475e-07,8.621533501478342e-07,8.845313856512758e-07,9.248012101641595e-07
286,8.632871980527987e-07,9.562426556067086e-07,9.194543488021713e-07,9.089917407180232e-07,9.219390082443284e-07,9.181745022970975e-07,8.619818568005639e-07,8.849915522772836e-07,9.205348727873927e-07
287,8.61116896170758e-07,9.549185247408748e-07,9.173543779296963e-07,9.099229964050371e-07,9.237876647698906e-07,9.20462378234612e-07,8.656141641968213e-07,8.87049555954044e-07,9.175741530143007e-07
288,8.58040934538868e-07,9.533934583568161e-07,9.159290706232374e-07,9.076714750772307e-07,9.233322934608569e-07,9.210420952448912e-07,8.638569427100012e-07,8.884119428441904e-07,9.18041897784842e-07
289,8.584298805339496e-07,9.537962161029451e-07,9.162205222840482e-07,9.074772380373175e-07,9.199311602493411e-07,9.218447829758978e-07,8.610050095325542e-07,8.886632487005151e-07,9.14947717809615e-07
290,8.597431443386536e-07,9.533932769936904e-07,9.14498266115034e-07,9.044564404500006e-07,9.222046255063997e-07,9.211867298234883e-07,8.608938019251022e-07,8.871152070519144e-07,9.094244997617298e-07
291,8.602492419613138e-07,9.510053561044646e-07,9.133474951981984e-07,9.037405227136168e-07,9.233075657303663e-07,9.255677436671488e-07,8.634887085752049e-07,8.873137742670234e-07,9.070134740735494e-07
292,8.616591164028676e-07,9.489480590203662e-07,9.131850190039484e-07,9.052413468374929e-07,9.2265948965938e-07,9.256082120180581e-07,8.677022723645643e-07,8.883898014577958e-07,9.045153392187499e-07
293,8.603251844732786e-07,9.489775296578552e-07,9.128964612415277e-07,9.069320431691938e-07,9.220633753973567e-07,9.22685163701488e-07,8.6342610963767e-07,8.832354286902148e-07,8.973663936281331e-07
294,8.61891279787253e-07,9.485168839283366e-07,9.121243203000135e-07,9.041630089893667e-07,9.201627374176288e-07,9.25054148798692e-07,8.681635018554466e-07,8.854944528213861e-07,8.949658599959821e-07
295,8.59903663869705e-07,9.457758384239669e-07,9.12736907341803e-07,9.032643536088727e-07,9.159228185671053e-07,9.240022297666476e-07,8.650859845540456e-07,8.890293863909304e-07,8.94962656547871e-07
296,8.612353890076054e-07,9.458945754126339e-07,9.104601612993273e-07,9.041611631572772e-07,9.171889494539255e-07,9.269591356649196e-07,8.660052668931291e-07,8.894109432761931e-07,8.935044706996513e-07
297,8.613899428725346e-07,9.44978654188317e-07,9.117781131137231e-07,9.05748940896018e-07,9.160126933301498e-07,9.275259893383977e-07,8.700610925102507e-07,8.915567428022665e-07,8.923680562026346e-07
298,8.61226687765879e-07,9.41155053068235e-07,9.126219460824536e-07,9.059215724231224e-07,9.135136324666916e-07,9.261585741277839e-07,8.702603095415941e-07,8.930884630052893e-07,8.920318156356763e-07
299,8.596486884905932e-07,9.418421758547129e-07,9.107360263332806e-07,9.038056103028928e-07,9.12159472145218e-07,9.265728602311982e-07,8.692168721105332e-07,8.940243488504167e-07,8.910307919010561e-07
300,8.606014315079061e-07,9.417974402786455e-07,9.144457370065876e-07,9.072218566472891e-07,9.108591497607833e-07,9.289574356420347e-07,8.684719808988253e-07,8.946240700838814e-07,8.890290659835449e-07
