step,deepseek1.5b_sync_8gpu_lr3e-6-critic/returns/mean_step,deepseek1.5b_sync_8gpu_clip0.1_lr1e-5-critic/returns/mean_step,deepseek1.5b_fa_partial_8gpu_cosine_lr1e-5-critic/returns/mean_step,deepseek1.5b_sync_8gpu_cosine_lr1e-5-critic/returns/mean_step,deepseek1.5b_fa_partial_8gpu_lr5e-6-critic/returns/mean_step,deepseek1.5b_sync_8gpu_lr5e-6-critic/returns/mean_step,deepseek1.5b_fa_partial_8gpu_ent0.01_lr1e-5-critic/returns/mean_step,deepseek1.5b_sync_8gpu_ent0.01_lr1e-5-critic/returns/mean_step,deepseek1.5b_fa_partial_lr1e-6-critic/returns/mean_step,deepseek1.5b_fa_partial_lr1e-5-critic/returns/mean_step,deepseek1.5b_sync_lr1e-5-critic/returns/mean_step,deepseek1.5b_sync_lr1e-6-critic/returns/mean_step
1,-0.10951226204633711,-0.11540323495864868,,-0.12466356158256532,,-0.13051564991474152,,,,,-0.12891212105751038,-0.11603809148073196
2,-0.1138107180595398,-0.09958379715681076,-0.13106326758861542,-0.10400770604610445,-0.12274531275033952,-0.10669710487127304,-0.12393061071634293,-0.10877303779125214,-0.1298481822013855,-0.13974586129188538,-0.12186598777770996,-0.11367061734199524
3,-0.10172908753156662,-0.10533999651670456,-0.13240864872932434,-0.1011047512292862,,,-0.122361920773983,,-0.11596377193927764,-0.1347900032997131,-0.11512938886880876,-0.10765904188156128
4,-0.12928546965122223,-0.13168306648731232,-0.10696201771497726,-0.11847752332687378,-0.1158641278743744,-0.10432110726833344,-0.10414981842041016,-0.1271611452102661,-0.12490421533584596,-0.12120138108730316,-0.12720395624637604,-0.1207643747329712
5,-0.12238249182701112,-0.13284246623516083,,-0.14951220154762268,,-0.11926783621311188,,,-0.1282457858324051,-0.12287133187055588,-0.141829252243042,-0.139149010181427
6,,-0.12847520411014557,-0.12045565992593764,,,-0.12352629005908966,,,-0.11835458874702454,-0.11716964095830916,-0.13916736841201782,-0.115458182990551
7,-0.12768930196762085,-0.1367713063955307,,-0.16310909390449524,,-0.12452463060617448,-0.10954871028661728,-0.12606549263000488,-0.10835068672895432,-0.12687620520591736,-0.15207837522029877,-0.10977575927972794
8,-0.1559450328350067,,-0.13715098798274994,,,-0.16652332246303558,,-0.1635913848876953,-0.12415337562561037,-0.1524782031774521,-0.16745179891586304,-0.13794635236263275
9,-0.17135530710220337,-0.17765256762504578,-0.13756723701953888,,-0.1339182406663895,-0.17257344722747803,-0.13140076398849487,-0.17390918731689453,-0.12241675704717636,-0.15243850648403168,-0.19547051191329956,-0.1459211707115173
10,,,-0.14441515505313873,-0.1594865769147873,-0.1280968338251114,,,-0.15913204848766327,-0.11917443573474884,-0.15840840339660645,-0.1702007353305817,-0.14003287255764008
11,-0.15196485817432404,-0.1528785228729248,-0.14753776788711548,-0.16881133615970612,,,-0.14377343654632568,,-0.1079414114356041,-0.15877482295036316,-0.17813296616077423,-0.12329719215631484
12,-0.16212531924247742,-0.1576022058725357,-0.15460190176963806,,-0.11809799820184708,-0.16259004175662994,,-0.1291084736585617,-0.12307620048522948,-0.15645013749599457,-0.17304682731628418,-0.12267383188009262
13,,-0.14372840523719788,-0.13966570794582367,,,,,,-0.101405531167984,-0.14557693898677826,-0.1496199667453766,-0.1305452287197113
14,-0.16362391412258148,-0.14262603223323822,,-0.14301419258117676,,-0.13941848278045654,-0.1513003408908844,-0.19462411105632785,-0.13951601088047028,-0.15409064292907715,-0.11532618850469588,-0.13232119381427765
15,-0.2017008364200592,-0.17366063594818115,-0.15798261761665344,-0.14856955409049988,-0.15330982208251953,-0.16926944255828855,-0.14872212707996368,-0.30542147159576416,-0.12903375923633575,-0.16505955159664154,-0.1328970342874527,-0.13550502061843872
16,-0.1681111603975296,,-0.16192205250263214,,-0.1794022023677826,,-0.15362317860126495,,-0.1544552743434906,-0.1533583402633667,-0.10417643934488297,-0.13058388233184814
17,-0.1620937138795853,-0.17435793578624725,-0.13899607956409454,-0.10607538372278214,-0.1573321968317032,-0.13833852112293243,-0.13732300698757172,,-0.1232532486319542,-0.14655277132987976,-0.08653108775615692,-0.15696027874946594
18,-0.1533154845237732,-0.14970919489860535,-0.1597357839345932,-0.10490414500236513,,-0.10492561012506484,,,-0.13201390206813812,-0.13585691154003143,-0.09879523515701294,-0.14795741438865662
19,-0.17005792260169983,-0.15161043405532837,-0.16869109869003296,-0.10045793652534483,-0.17340023815631866,,-0.12129636853933334,-0.09876097738742828,-0.1489887237548828,-0.13536496460437775,-0.10427415370941162,-0.1523772031068802
20,,-0.16078881919384003,-0.18679767847061157,-0.07623512297868729,,-0.12245762348175047,,-0.08333785086870193,-0.16121050715446472,-0.15188662707805634,-0.12572290003299713,-0.13562622666358948
21,-0.1776288002729416,-0.17688550055027008,,-0.06748746335506439,-0.1581437587738037,-0.09467431902885436,-0.15660537779331207,-0.08793231844902039,-0.13683414459228516,-0.1682785600423813,-0.11046969890594482,-0.16337817907333374
22,,-0.15322211384773254,-0.1501503437757492,-0.07016512751579285,-0.16963177919387817,-0.08872833847999573,-0.13586826622486117,-0.05956219881772995,-0.1380748301744461,-0.15863119065761566,-0.09580760449171066,-0.1704116314649582
23,,-0.1691693514585495,-0.17743206024169922,-0.06634603440761566,,-0.08199163526296616,-0.11859690397977828,-0.1000918224453926,-0.15757741034030914,-0.15585555136203766,-0.1163180097937584,-0.16935870051383972
24,-0.12203530222177504,-0.14641769230365753,-0.1612372845411301,-0.052336059510707855,-0.16201874613761902,-0.06958800554275513,-0.147612527012825,-0.18430574238300323,-0.13100716471672058,-0.16090181469917297,-0.05678563192486763,-0.18803012371063232
25,-0.12592995166778564,-0.16595853865146637,-0.13643158972263336,-0.07580585032701492,,,-0.10711925476789474,-0.137223482131958,-0.13954132795333862,-0.11446604877710342,-0.06486198306083679,-0.15188904106616974
26,-0.12589482963085177,-0.15694983303546906,-0.12519006431102753,-0.0648711770772934,,,,-0.0944615676999092,-0.1569824069738388,-0.14418961107730863,-0.05994660034775734,-0.170005664229393
27,-0.09602352231740952,-0.1455184519290924,,,,,,,-0.15428021550178528,-0.1479719877243042,-0.048271000385284424,-0.17504724860191345
28,-0.10654068738222122,,-0.16128669679164886,-0.05808328837156296,-0.13610893487930298,-0.06426824629306793,-0.1556771993637085,-0.06019037589430809,-0.1778033822774887,-0.13864782452583313,-0.04326873645186424,-0.172294482588768
29,-0.09838839620351791,-0.1496250033378601,,-0.04882677271962166,-0.12198521196842194,-0.06267653405666351,-0.16959907114505768,-0.027932215481996536,-0.13068819046020508,-0.12542231380939484,-0.04760008677840233,-0.1919448673725128
30,-0.12670761346817017,-0.15911667048931122,-0.14667975902557373,-0.05756799131631851,-0.13901983201503754,,-0.3072904050350189,-0.05356776341795921,-0.1616298407316208,-0.13638563454151154,-0.05762740597128868,-0.17205631732940674
31,,,-0.15258736908435822,-0.06293994188308716,-0.10245367884635924,-0.0706644058227539,-0.2940910756587982,-0.09150922298431396,-0.1611127406358719,-0.11429860442876816,-0.041222602128982544,-0.1524384766817093
32,-0.10151316225528716,-0.17086243629455566,-0.16581349074840546,-0.049876581877470016,-0.1384819597005844,-0.0977502539753914,,-0.1338270753622055,-0.1804780960083008,-0.13624781370162964,-0.07889029383659363,-0.19858677685260773
33,-0.08731896430253983,-0.130981907248497,-0.14176777005195618,-0.05292342230677605,-0.10486768186092375,-0.054102279245853424,,-0.14553987979888916,-0.178328737616539,-0.10751472413539886,-0.06919047981500626,-0.194276362657547
34,-0.0982421338558197,-0.1335800737142563,-0.1478903740644455,-0.04675837233662605,-0.13930685818195343,-0.0548553504049778,-0.2331646829843521,,-0.16994889080524445,-0.09640292823314668,-0.05897032096982002,-0.18011869490146637
35,,,-0.1598334163427353,-0.03343188017606735,-0.11149802803993224,-0.05964899808168411,,-0.05502172186970711,-0.18125948309898376,-0.12213484942913055,-0.042618125677108765,-0.1701894253492355
36,-0.119425006210804,-0.13145598769187927,-0.16607145965099335,-0.0602973997592926,-0.10759630799293518,,,,-0.163169264793396,-0.10730646550655364,-0.049747467041015625,-0.1900050789117813
37,-0.10856302082538603,-0.1277923285961151,-0.13466697931289673,-0.06411561369895935,-0.08767405897378922,-0.07974859327077866,-0.3212485611438751,,-0.17007112503051758,-0.08468207716941833,-0.04553602635860443,-0.1792556792497635
38,-0.07110555469989777,-0.12578245997428894,-0.12620000541210177,-0.06589724868535995,-0.11227764934301376,-0.03518814593553543,-0.2300388067960739,-0.030462082475423813,-0.13807256519794464,-0.10713309049606325,-0.055292293429374695,-0.15166085958480835
39,-0.07546960562467575,-0.1095857322216034,-0.15271948277950287,-0.052611343562603,-0.09526413679122923,-0.04385500028729439,,-0.02199617587029934,-0.19251802563667297,-0.10263675451278688,-0.043411463499069214,-0.16303032636642456
40,-0.0838603749871254,-0.11803770810365675,-0.12944529950618744,-0.06811153143644333,-0.09405042231082916,,-0.2504371702671051,,-0.15195555984973907,-0.08301647007465363,-0.06836053729057312,-0.1922422796487808
41,-0.07009784877300262,-0.09251797944307329,-0.13488778471946716,-0.05315776541829109,-0.11148015409708024,-0.07607918977737427,-0.24420417845249176,,-0.14923910796642303,-0.07283049821853638,-0.05210283398628235,-0.19587542116642
42,-0.09246793389320374,-0.10613518208265305,-0.12959297001361847,-0.060261406004428864,-0.08670630306005478,-0.05373203009366989,-0.19879460334777832,-0.06141271814703941,-0.1837363243103027,-0.0843064934015274,-0.044756826013326645,-0.15261030197143555
43,-0.09602686017751694,-0.10393445938825609,-0.1248391568660736,,-0.0870877280831337,-0.047616224735975266,-0.03094233945012093,-0.0586668960750103,-0.1547168642282486,-0.064450204372406,-0.0635637566447258,-0.16497322916984558
44,-0.09839030355215073,-0.08989965915679932,-0.13619156181812286,-0.05104520916938782,-0.0860547348856926,-0.05095501616597176,-0.05252548307180405,-0.031209411099553108,-0.17137260735034943,-0.05433010309934616,-0.04519648849964142,-0.17306660115718842
45,-0.06427723914384842,-0.08063353598117828,-0.11396370828151704,-0.06354551762342453,-0.0811837688088417,-0.06586921215057373,-0.08641621470451355,0,-0.16082604229450226,-0.05725439637899399,-0.06170526519417763,-0.1821269392967224
46,-0.055680375546216965,-0.05918895825743675,-0.12264472991228104,-0.06322523206472397,-0.0938216745853424,-0.03590792417526245,-0.11065932363271712,0,-0.17184163630008698,-0.08382022380828857,-0.06928906589746475,-0.14125321805477142
47,-0.07404964417219162,-0.06962200254201889,-0.13919693231582642,,-0.06377209722995758,-0.04370937868952751,-0.10512930154800416,,-0.1812921166419983,-0.068507619202137,-0.04968733340501785,-0.13527442514896393
48,-0.04335352405905723,-0.07052501291036606,-0.11790313571691512,-0.05020105838775635,-0.07216525822877884,-0.042700547724962234,-0.1378634124994278,-0.010657538659870625,-0.16354712843894958,-0.06389545649290085,-0.05190357193350792,-0.17991292476654053
49,-0.045746076852083206,-0.08006033301353455,-0.1231563240289688,-0.06522946059703827,-0.0627036765217781,,-0.1782340705394745,-0.04477042332291603,-0.17348270118236542,-0.05109604075551033,-0.05446959286928177,-0.16368354856967926
50,-0.05586560070514679,-0.06402246654033661,-0.10130992531776428,-0.052346497774124146,-0.07263414561748505,-0.01984381303191185,-0.1697995513677597,-0.03809435665607453,-0.1767416149377823,-0.06979332119226456,-0.046160776168107986,-0.13975365459918976
51,-0.06112787500023842,-0.0724012553691864,-0.12060324847698212,-0.06956406682729721,-0.05771760642528534,-0.05381381511688232,-0.12069958448410034,0,-0.16722284257411957,-0.0701264888048172,-0.06521812081336975,-0.18323729932308197
52,-0.0671086236834526,-0.058622248470783234,-0.1135801449418068,-0.040168531239032745,-0.07530113309621811,-0.03982561454176903,-0.09514252096414566,0,-0.1762300431728363,-0.04722142219543457,-0.0591767355799675,-0.1264084428548813
53,-0.04779282212257385,-0.0844576507806778,-0.08104093372821808,-0.04299630969762802,-0.055521149188280106,-0.0298380833119154,-0.03345691040158272,0,-0.14503701031208038,-0.02347714640200138,-0.0564001090824604,-0.14285747706890106
54,-0.05667062848806381,-0.07112960517406464,-0.09856819361448288,-0.062308020889759064,-0.0725991278886795,-0.04320306330919266,-0.06299543380737305,-0.03456757962703705,-0.16329406201839447,-0.04059251397848129,-0.03652070462703705,-0.13842691481113434
55,-0.06646682322025299,-0.07182526588439941,-0.11273574829101562,-0.047478459775447845,-0.07133083790540695,-0.028232140466570858,-0.026664353907108307,-0.0018015814712271096,-0.14816996455192566,-0.04723871499300003,-0.05343373492360115,-0.1638977974653244
56,-0.0642886832356453,-0.06635641306638718,-0.08291979879140854,-0.04953400418162346,-0.055239249020814896,-0.05853808298707008,-0.11177723109722136,0,-0.16274552047252655,-0.06628593057394028,-0.04122094437479973,-0.12791162729263306
57,-0.08767294883728027,-0.05979866534471512,-0.09411689639091492,-0.04365701228380203,-0.05647439882159233,-0.05126630514860153,-0.152236208319664,-0.000756049295887351,-0.1763858050107956,-0.04168752208352089,-0.061885666102170944,-0.1673891693353653
58,-0.07674381136894226,-0.057522039860486984,-0.09217919409275056,-0.05270061269402504,-0.05193933844566345,-0.03399207442998886,-0.17198418080806732,-0.07949211448431015,-0.1709245890378952,-0.05911878123879433,-0.0545075424015522,-0.15862935781478882
59,-0.06957485526800156,-0.05157747119665146,-0.09918620437383652,-0.02274809218943119,-0.04925796389579773,-0.05206482857465744,-0.0724225789308548,0,-0.1568315178155899,-0.045114338397979736,-0.05693211406469345,-0.1466016322374344
60,-0.06841455399990082,-0.04787353798747063,-0.07838024199008942,-0.04550556465983391,-0.03586908057332039,-0.05433271452784538,-0.07501653581857681,,-0.1421943157911301,-0.05144237354397774,-0.03385607898235321,-0.13454554975032806
61,-0.05687979608774185,-0.05252312123775482,-0.06187130883336067,-0.03139606490731239,-0.045520056039094925,-0.04192645475268364,-0.030558429658412933,0,-0.12402289360761642,-0.06382802128791809,-0.04807760566473007,-0.10961614549160004
62,-0.07910538464784622,-0.06828401237726212,-0.08395496755838394,-0.04065081104636192,-0.0545833557844162,-0.05459588021039963,-0.02710292860865593,-0.024975568056106567,-0.14121045172214508,-0.046453915536403656,-0.06276058405637741,-0.1425488144159317
63,-0.090112566947937,-0.049919866025447845,-0.08254696428775787,-0.049363281577825546,-0.05842404440045357,-0.05967595800757408,0,-0.00034498923923820257,-0.1310843527317047,-0.03905049338936806,-0.0668940395116806,-0.1241655945777893
64,-0.06221284717321396,-0.03785761445760727,-0.08535943925380707,-0.03784731775522232,-0.07391007244586945,-0.04923607409000397,-0.015998439863324165,0,-0.1485898196697235,-0.05393552407622337,-0.06055367738008499,-0.11959218233823776
65,-0.04227527230978012,-0.04415016248822212,-0.07409495860338211,-0.05378178134560585,-0.04702701419591904,-0.03589976578950882,-0.11549558490514757,-0.018678950145840645,-0.14930595457553864,-0.03791744261980057,-0.048076700419187546,-0.10650642216205596
66,-0.08079695701599121,-0.0803246721625328,-0.10422778129577635,-0.04872707277536392,-0.0620492622256279,-0.050792984664440155,-0.1683700531721115,-0.0016197666991502049,-0.14998407661914823,-0.04468684270977974,-0.05488191172480583,-0.13464410603046417
67,-0.07063701748847961,-0.05412647128105163,-0.09762321412563324,-0.05054853111505509,-0.049079157412052155,-0.04784068465232849,-0.21252013742923737,0,-0.13357341289520264,-0.05327243730425835,-0.04349960014224053,-0.11199042201042177
68,-0.1033145859837532,-0.06307606399059296,-0.05977263301610947,-0.05115051940083504,-0.053770631551742554,-0.04667273536324501,-0.1066730096936226,-0.018268465995788578,-0.14002196490764618,-0.05625675246119499,-0.07053299993276596,-0.12601201236248016
69,-0.057463061064481735,-0.047991205006837845,-0.07085131853818893,-0.03068431094288826,-0.060810308903455734,-0.05861565470695496,-0.09442825615406036,-0.0029231002554297447,-0.10776416957378387,-0.045011114329099655,-0.04780682921409607,-0.15169863402843475
70,-0.051798127591609955,-0.04105926305055618,-0.07380729913711548,-0.04222751408815384,-0.05321619659662247,-0.031108979135751724,-0.03819362074136734,0,-0.11715133488178252,-0.047466717660427094,-0.0763416662812233,-0.10788494348526
71,-0.05787155032157898,-0.052956048399209976,-0.054642919450998306,-0.047324590384960175,-0.04560088738799095,-0.04052143171429634,-0.021328717470169067,-0.014433588832616806,-0.11014504730701448,-0.04189814627170563,-0.05885474756360054,-0.10378259420394896
72,-0.07103327661752701,-0.03900066018104553,-0.05401476472616196,-0.05762515217065811,-0.06963181495666504,-0.03758259862661362,0,0,-0.1454487144947052,-0.04663372039794922,-0.04202969744801521,-0.11318942904472352
73,-0.046393051743507385,-0.056844450533390045,-0.057884108275175095,-0.03402155637741089,-0.03382611647248268,-0.051265183836221695,0,0,-0.10168658196926116,-0.024917976930737495,-0.05517606437206268,-0.13390807807445526
74,-0.05384547635912895,-0.05122186243534088,-0.06913123279809952,-0.034334395080804825,-0.04208754003047943,-0.04090207070112229,-0.01309035625308752,-0.07074009627103806,-0.10758311301469804,-0.03645427525043487,-0.04012952372431755,-0.11725810915231703
75,-0.05819331854581833,-0.04602103680372238,-0.10046412795782088,-0.029852766543626785,-0.053066350519657135,-0.043700844049453735,-0.05958458036184311,-0.20958618819713593,-0.1260219365358353,-0.048044219613075256,-0.04857668653130531,-0.10592016577720642
76,-0.03828997910022736,-0.04071684181690216,-0.09230725467205048,-0.05207557231187821,-0.03144385293126106,-0.041948121041059494,-0.19699519872665405,-0.191790834069252,-0.11481667309999466,-0.0564996525645256,-0.04792901873588562,-0.1140771210193634
77,-0.07671044021844864,-0.0670718401670456,-0.07316934317350388,-0.034127429127693176,-0.06005629152059555,-0.05238853022456169,-0.14657722413539886,0,-0.11447621881961824,-0.032411303371191025,-0.047855786979198456,-0.1247386708855629
78,-0.03928357735276222,-0.04153325408697128,-0.08937317132949829,-0.03136075288057327,-0.03999955579638481,-0.05304306373000145,-0.17985261976718905,0,-0.0924089103937149,-0.024974791333079335,-0.04519299045205116,-0.09832245111465454
79,-0.05729316920042038,-0.046857669949531555,-0.11328958719968796,-0.031966377049684525,-0.06681354343891144,-0.042774099856615067,-0.11384086310863496,0,-0.11389198154211044,-0.04479852318763733,-0.043048858642578125,-0.108811154961586
80,-0.060652997344732285,-0.061313796788454056,-0.05449087917804718,-0.04736093804240227,-0.05788589268922806,-0.05530693754553795,-0.009322449564933777,0,-0.13595440983772278,-0.04959196224808693,-0.05844832211732864,-0.10613023489713667
81,-0.037934280931949615,-0.04580684006214142,-0.07594822347164154,-0.034728772938251495,-0.05164935812354088,-0.041046664118766785,-0.009098069742321968,-0.005793668329715729,-0.06231699883937836,-0.043763358145952225,-0.03727380931377411,-0.13532766699790957
82,-0.039247769862413406,-0.04891189560294151,-0.12127234786748886,-0.037220489233732224,-0.050255946815013885,-0.0399332270026207,0,-0.039968617260456085,-0.10252147167921066,-0.0439005009829998,-0.04593677446246147,-0.07144293189048767
83,-0.06576641649007797,-0.028935834765434265,-0.07796861231327057,-0.043037980794906616,-0.029768722131848335,-0.04167695343494415,-0.005993096623569727,-0.05496704205870629,-0.0897340178489685,-0.04097824916243553,-0.038332369178533554,-0.09775133430957794
84,-0.05696825310587883,-0.05062085762619972,0.004588237963616848,-0.04395822063088417,-0.06372280418872833,-0.04143963009119034,-0.01700020581483841,-0.02579404041171074,-0.09371120482683182,-0.043940842151641846,-0.040283311158418655,-0.09998304396867752
85,-0.06895868480205536,-0.053713712841272354,-0.016683591529726982,-0.062230195850133896,-0.05677375569939613,-0.06350097805261612,-0.03919469192624092,0,-0.09014248847961426,-0.058631688356399536,-0.06528337299823761,-0.09453336894512177
86,-0.0609467588365078,-0.04154982417821884,-0.11201132833957672,-0.05409576743841171,-0.0481145903468132,-0.05224062129855156,-0.08015064150094986,0,-0.0943477600812912,-0.03392782434821129,-0.04601035267114639,-0.08876776695251465
87,-0.058394305408000946,-0.05029849708080292,-0.066506527364254,-0.05054490640759468,-0.06079251691699028,-0.04170605167746544,-0.09035567194223404,0,-0.1006222441792488,-0.03729797154664993,-0.07270000129938126,-0.1020735427737236
88,-0.046588197350502014,-0.05088888108730316,-0.027743477374315265,-0.037692535668611526,-0.05419967696070671,-0.04864228889346123,-0.06288664788007736,0,-0.08812529593706131,-0.04054679721593857,-0.052937719970941544,-0.107851542532444
89,-0.06350059807300568,-0.05048203840851784,-0.056804314255714417,-0.05171750858426094,-0.042995113879442215,-0.04474339261651039,-0.013608078472316263,0,-0.08997553586959839,-0.04409557580947876,-0.05567815899848938,-0.07845041900873184
90,-0.06090055778622627,-0.04289672151207924,-0.13283059000968933,-0.043104611337184906,-0.056297339498996735,-0.0487496554851532,-0.009602311998605728,-0.01007430162280798,-0.0802372619509697,-0.03667563945055008,-0.02370171807706356,-0.10318567603826524
91,-0.049331631511449814,-0.03979422152042389,-0.11713135242462158,-0.050325050950050354,-0.03999900072813034,-0.05393853038549423,-0.004598623141646385,-0.0145729323849082,-0.09313035011291504,-0.04306907579302788,-0.061779916286468506,-0.10371696949005128
92,-0.05287185683846474,-0.05405139923095703,0.0009564367937855422,-0.05606425553560257,-0.056696876883506775,-0.05310899019241333,0,-0.006666148081421852,-0.09081053733825684,-0.039934370666742325,-0.05391343683004379,-0.08660657703876495
93,-0.062369875609874725,-0.055718839168548584,-0.05954083055257797,-0.05187558010220528,-0.03881848603487015,-0.05787307024002075,-0.00786658376455307,-0.005480137653648853,-0.045592937618494034,-0.039589714258909225,-0.0537288561463356,-0.09715420007705688
94,-0.05299758538603783,-0.04645394533872605,-0.1569652259349823,-0.03778908774256706,-0.03793076053261757,-0.05966027081012726,-0.026020992547273636,0,-0.07332589477300644,-0.041131313890218735,-0.04340934008359909,-0.07134885340929031
95,-0.06282183527946472,-0.053816840052604675,-0.0797482579946518,-0.04590900242328644,-0.039513301104307175,-0.07475834339857101,-0.0977242961525917,-0.003929609898477793,-0.0713019147515297,-0.044419337064027786,-0.04596586525440216,-0.09870821982622148
96,-0.08329417556524277,-0.05117853730916977,-0.05151606723666191,-0.05304247513413429,-0.059110917150974274,-0.06367240101099014,-0.1214066818356514,-0.005387239158153534,-0.08347868174314499,-0.05193857476115227,-0.06199260056018829,-0.10779256373643877
97,-0.06770739704370499,-0.055135130882263184,-0.1405310481786728,-0.04621588811278343,-0.04097713530063629,-0.0562603659927845,-0.052806537598371506,-0.006458058953285217,-0.05745389312505722,-0.053448792546987534,-0.05663299188017845,-0.1007046103477478
98,-0.06507610529661179,-0.04799576848745346,-0.17023378610610962,-0.05674125626683235,-0.029879679903388023,-0.056569624692201614,-0.0028822775930166245,-0.00439427699893713,-0.08423606306314468,-0.035042259842157364,-0.05786874517798424,-0.0829974040389061
99,-0.07828351855278015,-0.06468287855386734,-0.0973622277379036,-0.03316107764840126,-0.03815546631813049,-0.07126129418611526,0,-0.0008997554541565478,-0.07595810294151306,-0.05150364339351654,-0.056689582765102386,-0.11974993348121644
100,-0.0791773647069931,-0.07243937253952026,-0.05561511591076851,-0.04848570749163627,-0.042643193155527115,-0.06815668195486069,0,0,-0.06738685816526413,-0.050219208002090454,-0.06314411759376526,-0.10967231541872025
101,-0.04511669650673866,-0.06649035215377808,-0.1588328778743744,-0.04526691883802414,-0.062027137726545334,-0.045372530817985535,0,-0.005355503410100937,-0.07530992478132248,-0.0524618998169899,-0.06394439935684204,-0.10659638047218324
102,-0.04190668836236,-0.052434757351875305,-0.15228931605815887,-0.047004587948322296,-0.037510693073272705,-0.03654185310006142,0,-0.01748795248568058,-0.11384780704975128,-0.05271150171756744,-0.07006380707025528,-0.10058757662773132
103,-0.06858416646718979,-0.04676719754934311,-0.1240159347653389,-0.05444632098078728,-0.03368929773569107,-0.05990227684378624,-0.0025306055322289467,0,-0.046186111867427826,-0.04929795861244202,-0.06808365136384964,-0.11206040531396866
104,-0.06905549019575119,-0.045172810554504395,-0.07391326129436493,-0.04924597963690758,-0.03143595531582832,-0.054109737277030945,-0.024975677952170372,0,-0.08112551271915436,-0.057195477187633514,-0.05499790981411934,-0.0987161248922348
105,-0.0597478486597538,-0.04857473820447922,-0.18030548095703125,-0.04404423385858536,-0.04101713374257088,-0.03746100515127182,-0.054482556879520416,0,-0.06168888881802559,-0.04384373500943184,-0.0566537119448185,-0.0920099839568138
106,-0.08002032339572906,-0.05538654699921608,-0.09598806500434875,-0.061043985188007355,-0.044155851006507874,-0.03996573016047478,-0.043629709631204605,-0.0010973185999318955,-0.05953280255198479,-0.05062435194849968,-0.07628727704286575,-0.11270637065172195
107,-0.06759148836135864,-0.05046405270695686,-0.08675204962491989,-0.051697809249162674,-0.05817996338009834,-0.04801015183329582,-0.005054914392530918,-0.02167019620537758,-0.06793021410703659,-0.05490768700838089,-0.05165988951921463,-0.08551526814699173
108,-0.06573402136564255,-0.04621769860386848,-0.14681750535964966,-0.05059484764933586,-0.0580967478454113,-0.06292366236448288,0,0,-0.07763414084911346,-0.0534377358853817,-0.06782380491495132,-0.09175998717546464
109,-0.08352506160736084,-0.05834127962589264,-0.13273900747299194,-0.06623674184083939,-0.053695451468229294,-0.07454147934913635,0,0,-0.07627163082361221,-0.06275074183940887,-0.0637829527258873,-0.11832450330257416
110,-0.07105735689401627,-0.05887175351381302,-0.11167321354150772,-0.04579693824052811,-0.03971370309591293,-0.054588306695222855,-0.003528623143211007,0,-0.08189387619495392,-0.03652840852737427,-0.05744975805282593,-0.10472512990236282
111,-0.06751169264316559,-0.055299390107393265,-0.12179410457611084,-0.04922842979431152,-0.04891183599829674,-0.06901858001947403,-0.027253419160842896,-0.0031093342695385218,-0.08131871372461319,-0.06218098104000091,-0.06893730908632278,-0.08892733603715897
112,-0.05049831420183182,-0.04810274764895439,-0.203035369515419,-0.037808772176504135,-0.04358296096324921,-0.04106086492538452,-0.045162755995988846,-0.02129068225622177,-0.06394471228122711,-0.03205103054642677,-0.05601290240883827,-0.05972973629832268
113,-0.0727720707654953,-0.04513303190469742,-0.2096959352493286,-0.051227692514657974,-0.03075590170919895,-0.05027218163013458,-0.03702627494931221,0,-0.06178738549351692,-0.03983459994196892,-0.06339789181947708,-0.11506500095129012
114,-0.07138022035360336,-0.04970645159482956,-0.15316444635391235,-0.05188026279211044,-0.03259686753153801,-0.04589914157986641,-0.0031718388199806213,0,-0.04428734257817269,-0.047257084399461746,-0.06701602041721344,-0.08521106839179993
115,-0.06557530164718628,-0.05136388540267944,-0.12372393906116486,-0.05207165330648422,-0.04022670164704323,-0.06257804483175278,0,0,-0.08020436763763428,-0.05304335802793503,-0.06792844086885452,-0.09995194524526596
116,-0.07119813561439514,-0.048075832426548,-0.1512334942817688,-0.066506028175354,-0.06084580346941948,-0.05855652317404747,0,-0.0045076459646224976,-0.0833851546049118,-0.04553702101111412,-0.04482719674706459,-0.08896932750940323
117,-0.08099658042192459,-0.04218750447034836,-0.1257949322462082,-0.04140140861272812,-0.0582691952586174,-0.03609032928943634,0,-0.005111939739435911,-0.07097034156322479,-0.043736133724451065,-0.05024772882461548,-0.09494084119796752
118,-0.07758418470621109,-0.04165194183588028,-0.09833106398582458,-0.03499595448374748,-0.05538782849907875,-0.04726739227771759,-0.0013997224159538746,0,-0.07927513867616653,-0.05668061599135399,-0.047710780054330826,-0.08624954521656036
119,-0.06405748426914215,-0.03329376131296158,-0.1275295913219452,-0.038381729274988174,-0.0599311888217926,-0.028501104563474655,0,0,-0.08005303889513016,-0.04570344462990761,-0.044562410563230515,-0.10391423106193542
120,-0.06832021474838257,-0.0312928706407547,-0.2036644816398621,-0.0379989817738533,-0.04604804143309593,-0.04007846117019653,-0.011108720675110815,0,-0.07056038826704025,-0.05913892388343811,-0.032153937965631485,-0.09408123046159744
121,-0.09572067856788637,-0.06699886918067932,-0.1570424735546112,-0.053055401891469955,-0.05030350014567375,-0.05910206958651543,-0.017137601971626282,-0.015767263248562813,-0.07134538143873215,-0.07468302547931671,-0.05208567529916763,-0.08701112866401672
122,-0.08161026239395142,-0.041500065475702286,-0.14381416141986847,-0.04836505651473999,-0.0466897189617157,-0.03743258118629456,-0.01219809427857399,-0.04581286385655403,-0.11000590026378632,-0.052470043301582336,-0.04541187733411789,-0.06173960864543915
123,-0.08360450714826584,-0.04606879875063896,-0.14758309721946716,-0.04814386367797851,-0.040390778332948685,-0.037279803305864334,0,-0.18447309732437137,-0.05179336667060852,-0.06264111399650574,-0.047601599246263504,-0.07430197298526764
124,-0.07361005246639252,-0.03661370277404785,-0.17888611555099487,-0.031798992305994034,-0.03353635594248772,-0.03984212130308151,0,-0.24741196632385257,-0.06820518523454666,-0.047459926456213,-0.040170297026634216,-0.07383858412504196
125,-0.06575661152601242,-0.042206741869449615,-0.13785217702388763,-0.03472518548369408,-0.04451178014278412,-0.04417632520198822,-0.004265444818884134,-0.2791917026042938,-0.0743086189031601,-0.058933187276124954,-0.06161217391490936,-0.05297160521149635
126,-0.095261849462986,-0.042738139629364014,-0.15245321393013,-0.035862892866134644,-0.0399722196161747,-0.029382994398474693,-0.02271598018705845,-0.26647260785102844,-0.04868881404399872,-0.04946187138557434,-0.056256167590618134,-0.06394459307193756
127,-0.08546546846628189,-0.05360480770468712,-0.16357119381427765,-0.06014832854270935,-0.055191729217767715,-0.062962606549263,-0.028264502063393593,-0.05099362134933472,-0.08033601194620132,-0.05661502480506897,-0.08130934089422226,-0.09374117106199265
128,-0.05697599798440933,-0.06778725236654282,-0.1537119448184967,-0.051628321409225464,-0.037620533257722855,-0.046444717794656754,-0.005430273711681366,0,-0.06592775136232376,-0.059620581567287445,-0.06133423000574112,-0.0728629007935524
129,-0.07247690856456757,-0.05219048261642456,-0.13738003373146057,-0.04245833307504654,-0.04961481690406799,-0.04836396500468254,0,0,-0.06702457368373871,-0.06649614870548248,-0.0641205683350563,-0.07750967890024185
130,-0.08065460622310638,-0.03612754121422768,-0.1660742312669754,-0.051260657608509064,-0.05226682499051094,-0.05345101282000542,-0.02564745955169201,0,-0.07126568257808685,-0.04446401074528694,-0.06157757714390755,-0.09833414107561111
131,-0.06354399770498276,-0.027846740558743477,-0.21408429741859436,-0.060128070414066315,-0.04208860173821449,-0.046310581266880035,-0.09973374754190444,0,-0.05512270703911781,-0.04503818601369858,-0.0677528902888298,-0.08985534310340881
132,-0.06046951934695244,-0.02999930828809738,-0.1326531022787094,-0.04485335946083069,-0.05124463886022568,-0.04655642434954643,-0.11288613826036452,0,-0.07042405754327774,-0.06782317906618118,-0.06904705613851547,-0.09256840497255324
133,-0.06512472778558731,-0.03936246037483215,-0.12369324266910552,-0.039700768887996674,-0.05335972085595131,-0.054202601313591,-0.00472023943439126,-0.019357820972800255,-0.04247282072901726,-0.05008035525679588,-0.0685032308101654,-0.09161985665559769
134,-0.08034446835517883,-0.02338549494743347,-0.1296464204788208,-0.04660036414861679,-0.0740714743733406,-0.030288835987448692,0,-0.09859302639961244,-0.06354884803295135,-0.05284968763589859,-0.06902018189430237,-0.08353634923696518
135,-0.05795581638813019,-0.027429891750216484,-0.133649080991745,-0.06306211650371552,-0.03879355639219284,-0.05195901542901993,0,-0.042675312608480453,-0.07215549051761627,-0.04118095338344574,-0.06508869677782059,-0.09840194880962372
136,-0.07660894095897675,-0.023654019460082058,-0.138404980301857,-0.04212465137243271,-0.047813042998313904,-0.04073374345898628,0,-0.006116362288594246,-0.07263301312923431,-0.06398866325616837,-0.04292475804686546,-0.07202789932489395
137,-0.09702596813440324,-0.04652475565671921,-0.1130179613828659,-0.03731953352689743,-0.03721908852458,-0.06585119664669037,0,0,-0.06358835846185684,-0.06646966189146042,-0.06640318036079407,-0.07244665175676346
138,-0.0718601867556572,-0.04264986887574196,-0.08538996428251266,-0.0558919683098793,-0.05238098278641701,-0.048181068152189255,0,0,-0.04301219806075096,-0.05847231298685074,-0.05284462869167328,-0.1110055074095726
139,-0.023213012143969536,-0.01643753983080387,-0.20780590176582336,-0.04834391549229622,-0.036237891763448715,-0.03682437911629677,0,-0.003573720809072256,-0.058661434799432755,-0.05976054444909096,-0.06396849453449249,-0.06343192607164383
140,-0.05863207206130028,-0.025333447381854057,-0.1711103916168213,-0.04477493837475777,-0.04878297448158264,-0.04751928150653839,0,-0.010620439425110815,-0.06764105707406998,-0.04117197543382645,-0.04696270450949669,-0.09710714966058732
141,-0.0723474994301796,-0.019024208188056942,-0.13957208395004272,-0.06900358200073242,-0.04660298675298691,-0.07304038852453232,-0.008704179897904396,-0.034727923572063446,-0.06751304864883423,-0.06489304453134537,-0.04507269710302353,-0.06702407449483871
142,-0.07213398814201355,-0.0190069992095232,-0.16908138990402222,-0.05626608803868294,-0.053543489426374435,-0.06285072863101959,-0.01644483581185341,-0.03055454045534134,-0.07356066256761551,-0.07188965380191803,-0.07961563020944595,-0.07583644986152649
143,-0.1050901934504509,-0.022237999364733696,-0.1345469057559967,-0.04830146208405495,-0.04518895223736763,-0.03337092697620392,-0.002391281072050333,-0.01477030385285616,-0.03706232830882072,-0.03666609525680542,-0.06666494905948639,-0.05850725248456001
144,-0.0684211328625679,-0.028410134837031364,-0.18342821300029755,-0.06710135191679001,-0.039403751492500305,-0.04177447035908699,0,0,-0.07488828152418137,-0.05322146415710449,-0.05436845123767853,-0.06099310517311096
145,-0.07534667104482651,-0.03201068565249443,-0.1391435265541077,-0.05419743061065674,-0.05176645889878273,-0.057353425770998,-0.015032652765512466,0,-0.06320551037788391,-0.06885237246751785,-0.0496978685259819,-0.04573245719075203
146,-0.08941096067428589,-0.018658220767974857,-0.14981648325920105,-0.051759473979473114,-0.02729029394686222,-0.05147143453359604,-0.04026973992586136,-0.002189870923757553,-0.03223473206162453,-0.05852779000997543,-0.05933963879942894,-0.07538857311010361
147,-0.10307025909423828,-0.023985443636775017,-0.15240491926670074,-0.05724485591053963,-0.03373464196920395,-0.08145067095756531,-0.05865993723273277,-0.005456436891108751,-0.0740232989192009,-0.05197721719741821,-0.0625143051147461,-0.08113303035497665
148,-0.08160874992609024,-0.028148289769887924,-0.16966024041175842,-0.05586650222539902,-0.031096456572413445,-0.06368149071931839,-0.02430088445544243,-0.04253584519028664,-0.04855886474251747,-0.05301591381430626,-0.06835529953241348,-0.07693034410476685
149,-0.11952079087495804,-0.039957694709300995,-0.19717328250408173,-0.09142036736011504,-0.04836397245526314,-0.058987513184547424,-0.11468874663114548,-0.01810603402554989,-0.0385470874607563,-0.050841763615608215,-0.06887034326791763,-0.06799133121967316
150,-0.08328183740377426,-0.018562518060207367,-0.15313038229942322,-0.061353649944067,-0.03706147521734238,-0.047382526099681854,-0.15648728609085083,-0.001316840760409832,-0.06911162286996841,-0.06761381030082703,-0.04616619646549225,-0.0682789757847786
151,-0.08942773193120956,-0.036468759179115295,-0.17618919909000397,-0.059199608862400055,-0.03923648223280907,-0.05287395417690277,-0.14655402302742004,0,-0.06939761340618134,-0.06050729751586914,-0.05906389281153679,-0.08899173885583878
152,-0.07016642391681671,-0.02156839892268181,-0.15838569402694702,-0.06584275513887405,-0.05996588617563248,-0.04441037029027939,-0.15293817222118378,-0.002030286006629467,-0.05807662010192871,-0.06734977662563324,-0.053956665098667145,-0.06867851316928864
153,-0.08273337036371231,-0.02453687973320484,-0.15560729801654816,-0.03442202880978584,-0.04204891994595528,-0.05076422169804573,-0.15862220525741577,-0.002381663536652922,-0.031088516116142273,-0.04853929951786995,-0.08300530165433884,-0.08703337609767914
154,-0.07872176170349121,-0.015826789662241936,-0.12946026027202606,-0.06038668379187584,-0.05130381137132645,-0.0505964569747448,-0.16664057970046997,-0.00839154701679945,-0.05630349740386009,-0.05303449183702469,-0.05421009659767151,-0.07949946075677872
155,-0.08669106662273407,-0.017702728509902954,-0.1128370612859726,-0.05012080445885658,-0.032641999423503876,-0.06784121692180634,-0.22628937661647797,-0.00837782584130764,-0.0541418194770813,-0.05089084804058075,-0.06814392656087875,-0.08705352991819382
156,-0.07396477460861206,-0.015463951975107191,-0.12250795215368272,-0.05173924192786217,-0.03632371127605438,-0.040250275284051895,-0.2467149943113327,-0.015335775911808014,-0.05361701920628548,-0.05888894572854042,-0.06376264989376068,-0.08938638120889664
157,-0.0758894756436348,-0.01381950918585062,-0.1339082568883896,-0.051972370594739914,-0.03757000342011452,-0.06267277896404266,-0.27758461236953735,-0.0025472198612987995,-0.06469950824975967,-0.042434174567461014,-0.05927782878279686,-0.09006695449352264
158,-0.07750652730464935,-0.01205727830529213,-0.12158018350601196,-0.060519613325595856,-0.037921320647001266,-0.05772371590137482,-0.29339393973350525,0,-0.037177059799432755,-0.021752405911684036,-0.0651482567191124,-0.0740254670381546
159,-0.06730566173791885,-0.028675442561507225,-0.13703134655952454,-0.05163527652621269,-0.03618067502975464,-0.04368133097887039,-0.3090357780456543,-0.0008346464019268751,-0.043100714683532715,-0.06555397063493729,-0.06770328432321548,-0.07454925030469894
160,-0.07445426285266876,-0.030844667926430706,-0.1037181094288826,-0.06029829382896423,-0.04040934145450592,-0.06045496091246605,-0.29959532618522644,-0.01410470064729452,-0.0541408434510231,-0.060039035975933075,-0.0825667679309845,-0.08282800018787384
161,-0.11363881081342696,-0.01865443214774132,-0.10384291410446168,-0.06027180328965187,-0.04408034309744835,-0.0581551268696785,-0.30247586965560913,-0.019964396953582764,-0.07140716910362244,-0.063327856361866,-0.09465867280960084,-0.06822845339775085
162,-0.09083740413188934,-0.01379770878702402,-0.1735849231481552,-0.05105098336935043,-0.031057054176926613,-0.07561694830656052,-0.32525837421417236,-0.0010492196306586266,-0.0832786038517952,-0.03713003545999527,-0.0552610456943512,-0.0909719169139862
163,-0.09371664375066756,-0.023793160915374756,-0.11253295838832857,-0.05950252339243889,-0.045068684965372086,-0.04841480031609535,-0.31997278332710266,-0.0013293082593008876,-0.03839609399437904,-0.04328129440546036,-0.08177683502435684,-0.0949348360300064
164,-0.08492553979158401,-0.017725763842463493,-0.1398938149213791,-0.0455050952732563,-0.027122104540467262,-0.052892375737428665,-0.2006329745054245,-0.0005119558190926909,-0.06456563621759415,-0.042570021003484726,-0.06421076506376266,-0.09369250386953354
165,-0.07010272890329361,-0.02063144743442535,-0.14292649924755096,-0.0724838376045227,-0.04213511198759079,-0.05368022248148918,-0.1037043109536171,-0.002784482203423977,-0.06692517548799515,-0.07294761389493942,-0.06998690217733383,-0.06369771808385849
166,-0.06769706308841705,-0.018428606912493702,-0.11856894940137865,-0.0704730674624443,-0.05043715611100197,-0.047197628766298294,-0.015850897878408432,-0.018961386755108833,-0.06177598237991333,-0.050881534814834595,-0.0626649409532547,-0.08611493557691574
167,-0.08390442281961441,-0.021703999489545826,-0.1865590661764145,-0.06882621347904205,-0.04302835091948509,-0.05032879486680031,-0.007435993757098913,-0.007401586975902319,-0.05673995241522789,-0.056390732526779175,-0.06351002305746078,-0.10651659965515135
168,-0.09432929754257202,-0.02509847842156887,-0.16350044310092926,-0.08263110369443893,-0.04926154017448425,-0.08383148163557053,0,-0.000956765841692686,-0.05020881816744805,-0.029400719329714775,-0.06732821464538574,-0.11969619989395142
169,-0.06683744490146637,-0.014882201328873634,-0.1804955452680588,-0.04365578293800354,-0.0246743094176054,-0.06570060551166534,0,0,-0.06540372222661972,-0.040722448378801346,-0.06625556200742722,-0.10934339463710784
170,-0.07480393350124359,-0.009557614102959631,-0.03184906020760536,-0.05592714622616768,-0.0506126694381237,-0.05860035493969917,0,-0.0013806249480694532,-0.0493672639131546,-0.03910527750849724,-0.04831123352050781,-0.04964195564389229
171,-0.10894816368818284,-0.01786886714398861,-0.09928350895643234,-0.04333345964550972,-0.034240398555994034,-0.05507510527968407,0,-0.0029218147974461317,-0.0476827546954155,-0.05067918449640274,-0.059603627771139145,-0.10411003977060318
172,-0.07662540674209595,-0.006049436517059803,-0.1447085440158844,-0.0592891164124012,-0.04267026111483574,-0.07470627129077911,-0.0056966496631503105,-0.006921884138137102,-0.05536511912941933,-0.06616032868623734,-0.048428162932395935,-0.10179471224546432
173,-0.07453258335590363,-0.017967192456126213,-0.1265656352043152,-0.054066311568021774,-0.02531345933675766,-0.058463264256715775,-0.0036153169348835945,-0.008710194379091263,-0.019018128514289856,-0.045861102640628815,-0.05453885719180107,-0.07095972448587418
174,-0.08603304624557495,-0.022430557757616043,-0.10692156106233595,-0.05983715131878853,-0.04133128002285957,-0.06615366786718369,-0.003983647562563419,0,-0.07113715261220932,-0.046972379088401794,-0.06688373535871506,-0.10551109910011292
175,-0.07966075837612152,-0.01857704482972622,-0.1557946801185608,-0.04636077210307121,-0.059086404740810394,-0.035759374499320984,0,0,-0.055130735039711,-0.06514109671115875,-0.049874912947416306,-0.09441979974508286
176,-0.07902110368013382,-0.01999484561383724,-0.1715063750743866,-0.06310846656560898,-0.05063274875283241,-0.06709863990545273,-0.03744158893823624,0,-0.060223374515771866,-0.045278150588274,-0.0550406314432621,-0.06658713519573212
177,-0.05964341759681702,-0.014709735289216042,-0.17900487780570984,-0.053187619894742966,-0.04163218289613724,-0.07002587616443634,-0.03712647408246994,-0.0016079285414889457,-0.06620350480079651,-0.0569676049053669,-0.04047452285885811,-0.0901869386434555
178,-0.06581354886293411,-0.011998031288385391,-0.11822497099637984,-0.04647304490208626,-0.04592693969607353,-0.05738803371787071,-0.034359160810709,-0.0044867792166769505,-0.0674801841378212,-0.051392246037721634,-0.05523164197802544,-0.11013642698526382
179,-0.07193315029144287,-0.00856731366366148,-0.1407703012228012,-0.05702846869826317,-0.0472441241145134,-0.08198165893554688,-0.04809009283781051,-0.009481037966907024,-0.056093886494636536,-0.04793570563197136,-0.0489116869866848,-0.08105390518903732
180,-0.0979861095547676,-0.004407043568789959,-0.18291275203227997,-0.04765275865793228,-0.04051339253783226,-0.05904347449541092,-0.04954627901315689,0,-0.05733936280012131,-0.04151194542646408,-0.05808687582612038,-0.10648787766695024
181,-0.0794600397348404,-0.019468210637569427,-0.12843385338783264,-0.04825664311647415,-0.04148334637284279,-0.03599191829562187,0,0,-0.08065705746412277,-0.04522963613271713,-0.04900431260466576,-0.0970832034945488
182,-0.08958525210618973,-0.014221868477761744,-0.1562710851430893,-0.06038384139537811,-0.038537971675395966,-0.0693666934967041,0,0,-0.06864894926548004,-0.05422287806868553,-0.055017951875925064,-0.08506818115711212
183,-0.07314936071634293,-0.01278616301715374,-0.098863884806633,-0.04582513868808746,-0.027774205431342125,-0.06044813618063927,0,-0.0007422902272082865,-0.048688970506191254,-0.05907305330038071,-0.045218031853437424,-0.10256344079971312
184,-0.06437679380178452,-0.013032160699367523,-0.17405647039413452,-0.04224590212106705,-0.04896001890301704,-0.05867890641093254,0,-0.01894226111471653,-0.07029538601636887,-0.059686291962862015,-0.03952939808368683,-0.05271907523274422
185,-0.08763585984706879,-0.013041913509368896,-0.12132588028907776,-0.04205230996012688,-0.04360413923859596,-0.03385782986879349,0,0,-0.06903356313705444,-0.04118647426366806,-0.02986537292599678,-0.1073439121246338
186,-0.10593436658382416,-0.01040889509022236,-0.1244772896170616,-0.04181632027029991,-0.03830337896943092,-0.07536737620830536,-0.002158873248845339,0,-0.059594228863716125,-0.06085111200809479,-0.042758118361234665,-0.09436924010515212
187,-0.0720851793885231,-0.01468566246330738,-0.13768517971038818,-0.04088018089532852,-0.03410941734910011,-0.04844997078180313,-0.014389533549547195,0,-0.07543971389532089,-0.04572080075740814,-0.0416732057929039,-0.10930262506008148
188,-0.084154412150383,-0.018774520605802536,-0.09576120972633362,-0.06327766925096512,-0.05657469853758812,-0.04936451464891434,-0.02828945405781269,-0.00044508432620204985,-0.051251836121082306,-0.05114157870411873,-0.034210994839668274,-0.09760869294404984
189,-0.061502326279878616,-0.0111406734213233,-0.1166672632098198,-0.042898841202259064,-0.04977022856473923,-0.05310229957103729,-0.02145780064165592,-0.014697497710585594,-0.06524073332548141,-0.06785321235656738,-0.06161803752183914,-0.11290281265974043
190,-0.1035776138305664,-0.017561431974172592,-0.10769419372081757,-0.08773825317621231,-0.04396119341254234,-0.0721195787191391,-0.02217136323451996,-0.0021908783819526434,-0.04125493019819259,-0.0511460043489933,-0.0536608025431633,-0.1084527149796486
191,-0.06567315757274628,-0.013847888447344305,-0.200579434633255,-0.06428611278533936,-0.0335136316716671,-0.04621225968003273,-0.01129597332328558,0,-0.08297353982925415,-0.07270019501447678,-0.04625502601265907,-0.11418994516134262
192,-0.0988067463040352,-0.01677570305764675,-0.18774230778217316,-0.06503763049840927,-0.02315225638449192,-0.042959414422512054,-0.009104853495955467,0,-0.06486261636018753,-0.06824255734682083,-0.05655427649617195,-0.10957062244415285
193,-0.08210135996341705,-0.009371883235871792,-0.13152199983596802,-0.07700203359127045,-0.034866366535425186,-0.03953993320465088,0,-0.0035463457461446524,-0.03938744962215424,-0.0375390499830246,-0.053784843534231186,-0.10652116686105728
194,-0.05161457508802414,-0.018303314223885536,-0.14218153059482574,-0.05384209379553795,-0.03505629673600197,-0.06978321820497513,-0.014426162466406822,-0.005065799690783024,-0.06987828761339188,-0.032973513007164,-0.04703707247972488,-0.09880534559488297
195,-0.08840261399745941,-0.013581018894910812,-0.1682555228471756,-0.05796178430318832,-0.03050364926457405,-0.05583753064274788,-0.010234455578029156,0,-0.068585604429245,-0.037221696227788925,-0.049702685326337814,-0.10887587815523148
196,-0.07631303369998932,-0.02171424962580204,-0.14438945055007937,-0.03521643951535225,-0.0457828976213932,-0.051157984882593155,-0.005221691448241472,0,-0.06828638911247253,-0.03135384991765022,-0.05238140746951103,-0.08283615857362747
197,-0.07028648257255554,-0.016447223722934723,-0.15317295491695404,-0.059755269438028336,-0.03687912598252296,-0.04141419380903244,-0.0021279945503920317,0,-0.06682391464710236,-0.04365329071879387,-0.04480832815170288,-0.12477999180555344
198,-0.07014863193035126,-0.01780523546040058,-0.14390943944454193,-0.06513939052820206,-0.04117074981331825,-0.0547092966735363,-0.0019277462270110848,-0.003526469925418496,-0.07010962814092636,-0.056753866374492645,-0.04782233387231827,-0.12809514999389648
199,-0.08282838761806488,-0.017269060015678406,-0.18951745331287384,-0.0887099876999855,-0.04219361394643784,-0.05128995329141617,-0.023153644055128098,-0.005143306218087673,-0.06728727370500565,-0.0691082701086998,-0.05539552494883537,-0.1333119571208954
200,-0.07188266515731812,-0.004135542549192905,-0.1858605593442917,-0.05115766450762749,-0.034685537219047546,-0.06203550472855568,-0.0201671551913023,0,-0.09129417687654497,-0.05020367354154587,-0.050897665321826935,-0.09779935330152512
201,-0.07456115633249283,-0.016747605055570602,-0.1837065815925598,-0.051234811544418335,-0.04650488123297691,-0.07240097969770432,-0.02021759562194347,0,-0.04859891161322594,-0.024819351732730865,-0.05599627271294594,-0.13403940200805664
202,-0.06506749242544174,-0.008939051069319248,-0.10113344341516496,-0.041778452694416046,-0.03895517811179161,-0.04199804738163948,-0.013901719823479652,-0.0011579886777326465,-0.06519263982772827,-0.03602254390716553,-0.0338512547314167,-0.15067285299301147
203,-0.0656617283821106,-0.016141550615429878,-0.07373619079589844,-0.04796372354030609,-0.032245006412267685,-0.0476471334695816,-0.006209376733750105,-0.013634000904858112,-0.03713085874915123,-0.03736341744661331,-0.03722071275115013,-0.1000351533293724
204,-0.07999905943870544,-0.0218421071767807,-0.14608526229858398,-0.04576806724071503,-0.02379933744668961,-0.061001263558864594,-0.0011830247240141034,0,-0.04977496340870857,-0.03897033631801605,-0.031986113637685776,-0.11514732241630554
205,-0.07291426509618759,-0.005739704705774784,-0.1540277898311615,-0.06358515471220016,-0.022600162774324417,-0.0307137593626976,-0.003748167771846056,0,-0.0542445108294487,-0.04575969278812408,-0.05049001798033714,-0.11170961707830428
206,-0.0852356031537056,-0.008327584713697433,-0.09655684232711792,-0.05535462126135826,-0.048320237547159195,-0.06855505704879761,-0.0011747288517653942,-0.0015448529738932848,-0.06307490915060043,-0.04763447120785713,-0.02921096049249172,-0.12675602734088898
207,-0.060965195298194885,-0.0017439390067011118,-0.10913412272930144,-0.04988526552915573,-0.03240932151675224,-0.03164229542016983,-0.002912558848038316,-0.00998788420110941,-0.05162178352475166,-0.05027209594845772,-0.031106356531381607,-0.10576221346855164
208,-0.06891779601573944,-0.0015481922309845686,-0.13413812220096588,-0.05843769386410713,-0.04166948050260544,-0.04426301270723343,-0.007364191114902496,0,-0.05172104761004448,-0.06988919526338577,-0.038237832486629486,-0.11757102608680724
209,-0.05211956053972244,-0.015599869191646576,-0.08660491555929184,-0.045944180339574814,-0.050961561501026154,-0.029522545635700222,-0.012448418885469437,0,-0.06751371920108795,-0.057675350457429886,-0.03566790744662285,-0.1304343044757843
210,-0.09130092710256577,-0.006159984041005373,-0.07550303637981415,-0.07388622313737869,-0.0379289910197258,-0.06187862902879715,-0.017643995583057404,0,-0.07240305095911026,-0.05550650507211685,-0.03969344869256019,-0.1301172822713852
211,-0.07030022144317627,-0.005859503988176584,-0.07905133813619614,-0.06021571531891823,-0.05280075967311859,-0.053986940532922745,-0.018361087888479233,-0.017566116526722908,-0.04520536959171295,-0.03327317535877228,-0.026158273220062256,-0.1272526979446411
212,-0.06840360909700394,-0.00816941075026989,-0.1231853887438774,-0.08834858238697052,-0.060447901487350464,-0.0538988821208477,-0.0063448757864534855,-8.371319563593715e-05,-0.072669617831707,-0.056435003876686096,-0.03375418484210968,-0.14761865139007568
213,-0.08411835134029388,-0.007434555795043707,-0.05945352837443352,-0.06679330766201019,-0.03930255025625229,-0.04229192063212395,-0.0013480567140504718,-0.002820368390530348,-0.060203373432159424,-0.06414476037025452,-0.05024399235844612,-0.14250533282756803
214,-0.05917167291045189,-0.008634512312710285,-0.08008088171482086,-0.0730937272310257,-0.03150584548711777,-0.03561081737279892,0,-0.00339492317289114,-0.05334572494029999,-0.04625300318002701,-0.035690322518348694,-0.1343115121126175
215,-0.06950657069683075,-0.0042123799212276936,-0.055511683225631714,-0.055152107030153275,-0.03234686702489853,-0.03622288256883621,0,-0.004239242523908615,-0.06224953010678291,-0.05711796134710312,-0.02008385956287384,-0.10951893776655196
216,-0.05594903975725174,-0.011711860075592996,-0.050940439105033875,-0.05286036431789398,-0.05215571075677872,-0.037206098437309265,0,-0.0011989058693870902,-0.053171224892139435,-0.06124380975961685,-0.03012889251112938,-0.15013881027698517
217,-0.08796931803226471,-0.012993634678423405,-0.06112857162952423,-0.07003526389598846,-0.04696463793516159,-0.05500661581754685,-0.005187814589589834,-0.0002313221339136362,-0.04607782140374184,-0.0494682602584362,-0.04215715080499649,-0.10664521902799606
218,-0.05611877888441086,-0.013178018853068352,-0.06236443668603897,-0.053652361035346985,-0.041564423590898514,-0.0437961220741272,-0.008772782981395721,-0.0009552798001095651,-0.032984040677547455,-0.0424182154238224,-0.04822933301329613,-0.12704522907733917
219,-0.06676672399044037,-0.015356559306383131,-0.0023127561435103416,-0.052510082721710205,-0.035221923142671585,-0.03945141285657883,-0.020356034860014915,-0.010243934579193592,-0.03524849936366081,-0.03725454583764076,-0.038560401648283005,-0.12923003733158112
220,-0.06155797466635704,-0.004077733960002661,-0.07419565320014954,-0.0694698840379715,-0.03353492170572281,-0.04775659739971161,-0.026867961511015892,-0.007274705916643143,-0.0523453950881958,-0.07732143998146057,-0.042514968663454056,-0.13684558868408203
221,-0.0842670351266861,-0.013254725374281406,-0.05548631772398949,-0.0734134390950203,-0.02854282595217228,-0.04243314638733864,-0.017045913264155388,0,-0.06573095172643661,-0.0547572523355484,-0.0434020459651947,-0.14814378321170807
222,-0.052806369960308075,-0.006165253929793835,-0.13016341626644137,-0.06552094966173172,-0.054181795567274094,-0.03018412739038467,-0.0014556852402165532,0,-0.060020942240953445,-0.07048249244689941,-0.036308303475379944,-0.16042214632034302
223,-0.07623749226331711,-0.0032010588329285383,-0.08243339508771896,-0.05412511527538299,-0.035110440105199814,-0.04162595793604851,-0.0009907091734930873,0,-0.04117867350578308,-0.04550391808152199,-0.042728640139102936,-0.13915693759918213
224,-0.0775471031665802,-0.00977332517504692,-0.08437266200780869,-0.07545055449008942,-0.036414530128240585,-0.04079742357134819,0,-0.0012829673942178488,-0.05267513543367386,-0.06435618549585342,-0.07035554200410843,-0.14910189807415009
225,-0.03935830667614937,0.003606781363487244,-0.058837730437517166,-0.07261528819799423,-0.03210821747779846,-0.03222179040312767,0,-0.006603681948035955,-0.04853411018848419,-0.0765003189444542,-0.030763981863856316,-0.12654349207878113
226,-0.0925154760479927,-0.010009979829192162,-0.06221954524517059,-0.06195928901433945,-0.02939665876328945,-0.03236842155456543,0,-0.0015132164116948843,-0.06533488631248474,-0.057431068271398544,-0.0458066388964653,-0.1473336964845657
227,-0.06858745962381363,-0.003214095253497362,-0.07835908979177475,-0.06572797149419785,-0.05744623020291328,-0.042061321437358856,-0.0010819478193297982,-3.963148992625065e-05,-0.057803913950920105,-0.07060199975967407,-0.03910626098513603,-0.1403181552886963
228,-0.06147996708750725,-0.004217814188450575,-0.10403381288051604,-0.06347725540399551,-0.046112507581710815,-0.04699185863137245,-0.0026667858473956585,-4.895867095910944e-05,-0.0587969534099102,-0.0628473088145256,-0.043800074607133865,-0.11897164583206175
229,-0.05333440378308296,-0.0018904339522123337,-0.0772048830986023,-0.06401592493057251,-0.02480777353048325,-0.02434675581753254,-0.013818723149597645,-0.0007783087203279138,-0.06294835358858109,-0.041149936616420746,-0.042884208261966705,-0.12412631511688232
230,-0.09024844318628313,-0.005428893957287073,-0.04144357889890671,-0.05797065049409866,-0.04995201528072357,-0.057224057614803314,-0.016797976568341255,-0.004510462284088135,-0.05692468211054802,-0.07143047451972961,-0.04506133496761322,-0.13421277701854706
231,-0.05066807195544243,-0.014006370678544044,-0.04617313668131828,-0.04783942550420761,-0.037617988884449005,-0.043177228420972824,-0.009021961130201817,-0.00031300343107432127,-0.04933088645339012,-0.06763074547052383,-0.03606165573000908,-0.12406579405069353
232,-0.05711512640118599,-0.009011156857013702,-0.04022451862692833,-0.08914153277873993,-0.033838510513305664,-0.04326057806611061,-0.0046319179236888885,-0.0008978581754490733,-0.05798577517271042,-0.05299140885472298,-0.03720009699463844,-0.1207764446735382
233,-0.04455050081014633,-0.0015479362336918712,-0.05849337577819824,-0.06113993376493454,-0.03214554861187935,-0.04640964791178703,-0.0012537509901449084,-0.003789860289543867,-0.04502023383975029,-0.06549198180437088,-0.04039600491523743,-0.14759300649166107
234,-0.05889191851019859,-0.00947606097906828,-0.12062063813209534,-0.057811420410871506,-0.03604317083954811,-0.05292832106351853,0,-0.002324797911569476,-0.04375860095024109,-0.018004046753048897,-0.04719875007867813,-0.16618727147579193
235,-0.06866085529327393,-0.003653129329904914,-0.03262797370553017,-0.06495113670825958,-0.03259319067001343,-0.06045078858733177,0,-0.0017019326332956553,-0.05027518048882485,-0.038735922425985336,-0.03242124244570732,-0.1889427900314331
236,-0.08026739209890366,-0.0002360908838454634,-0.02774654701352119,-0.06133735924959183,-0.044597331434488297,-0.04054375737905502,-0.00038247075281105936,-0.004704016726464033,-0.053242892026901245,-0.04849419370293617,-0.035141050815582275,-0.1004175916314125
237,-0.08066534996032715,-0.003019684460014105,-0.003501656698063016,-0.06935735791921616,-0.03654209151864052,-0.03238968551158905,-0.0005923996795900166,-0.0004363934276625514,-0.05143873021006584,-0.04641887918114662,-0.050782460719347,-0.1391342729330063
238,-0.0852167159318924,-0.005546815227717161,-0.03565709665417671,-0.06687913089990616,-0.04773861542344093,-0.036468859761953354,-0.003749379888176918,0,-0.0609404556453228,-0.06421951949596405,-0.03804459050297737,-0.1508665382862091
239,-0.08042627573013306,-0.006821018643677235,-0.03060503490269184,-0.07544317096471786,-0.04235495254397392,-0.04699370265007019,-0.007280297111719847,-0.0013834619894623756,-0.05110832676291466,-0.04337841644883156,-0.050533391535282135,-0.15888433158397677
240,-0.04651227965950966,-0.008709213696420193,-0.09039607644081116,-0.06262326240539551,-0.042437970638275146,-0.05285782739520073,-0.00950817484408617,-0.01264611165970564,-0.0603962168097496,-0.04524888098239899,-0.05527201667428017,-0.1209251806139946
241,-0.07079406082630157,-0.004673687741160393,-0.042760081589221954,-0.05629740282893181,-0.050882790237665176,-0.04486136510968208,-0.009184452705085278,0,-0.05395850911736488,-0.06702402234077454,-0.04276901856064797,-0.123832605779171
242,-0.04706710577011109,-0.01460739318281412,-0.07374770194292068,-0.08065249025821686,-0.051620129495859146,-0.041710615158081055,-0.0037968726828694344,0,-0.05840115621685982,-0.07249532639980316,-0.030721478164196014,-0.1491421014070511
243,-0.0476711131632328,-0.006125188432633877,-0.03178342431783676,-0.08831120282411575,-0.035782188177108765,-0.05445276200771332,-0.0006613090517930686,-2.64515674643917e-05,-0.0544770285487175,-0.03201594948768616,-0.032532110810279846,-0.1977814882993698
244,-0.053319331258535385,-0.004960045684129,-0.05935966223478317,-0.09351468086242676,-0.04011109098792076,-0.031555648893117905,0,-0.002956385724246502,-0.04967621713876724,-0.07141663879156113,-0.03294598311185837,-0.14989452064037323
245,-0.06708897650241852,-0.01111680082976818,-0.048675086349248886,-0.08166419714689255,-0.03615347295999527,-0.0521308034658432,0,-0.003750478383153677,-0.06056851148605347,-0.04805509001016617,-0.03509657829999924,-0.1541331708431244
246,-0.03564063832163811,-0.0073472000658512115,-0.04921961575746536,-0.0604693628847599,-0.02984343282878399,-0.03350766748189926,0,-0.0034714373759925365,-0.04272809252142906,-0.060577910393476486,-0.03310295566916466,-0.1335533857345581
247,-0.06112578138709068,-0.016428135335445404,-0.10748351365327836,-0.06592428684234619,-0.04740216955542565,-0.03810989111661911,-0.0006100321770645678,-0.00024764411500655115,-0.0677250549197197,-0.0748051181435585,-0.03978021442890167,-0.177652969956398
248,-0.04099896550178528,-0.017972346395254135,-0.05132254585623741,-0.07220784574747086,-0.05005943030118942,-0.03423658013343811,-0.003404028015211225,-0.00034358847187832,-0.05528755113482475,-0.057305119931697845,-0.024145955219864845,-0.15007099509239197
249,-0.06277278065681458,-0.005111332517117262,-0.025066161528229713,-0.06708571314811707,-0.04325686395168304,-0.05454838275909424,-0.004906757269054651,-0.005549184046685696,-0.059612125158309937,-0.055728454142808914,-0.025475412607192993,-0.1531904935836792
250,-0.04595949128270149,-0.020590486004948616,-0.036569129675626755,-0.0631866604089737,-0.042729999870061874,-0.04180639982223511,-0.006672457326203585,-5.28146447322797e-05,-0.048720113933086395,-0.07000518590211868,-0.03177301585674286,-0.14950495958328247
251,-0.0630345344543457,-0.019041134044528008,-0.008427268825471401,-0.05325071141123772,-0.04443074017763138,-0.0391804464161396,-0.007927733473479748,-1.905385943246074e-05,-0.04799461364746094,-0.037149034440517426,-0.03288302943110466,-0.1059252917766571
252,-0.04950956627726555,-0.02286684513092041,-0.02828940749168396,-0.055323295295238495,-0.06448883563280106,-0.03130180016160011,-0.0022540425416082144,-0.004221880808472633,-0.0661136731505394,-0.041338738054037094,-0.0298016220331192,-0.1523277312517166
253,-0.05340412259101868,-0.012483633123338224,-0.10132835805416109,-0.04471589997410774,-0.05440035089850426,-0.0379023551940918,0,0,-0.0674685686826706,-0.05109319090843201,-0.029728297144174576,-0.14363513886928558
254,-0.05882864817976952,-0.01725510135293007,-0.06388182938098907,-0.07631931453943253,-0.03624321892857552,-0.04589163139462471,0,0,-0.05701111629605293,-0.07791599631309509,-0.0538567379117012,-0.15771391987800598
255,-0.0591118261218071,-0.011255180463194849,-0.058687955141067505,-0.061772871762514114,-0.04332612454891205,-0.03823181241750717,0,-0.01044019777327776,-0.05254623666405678,-0.05751775950193405,-0.02200033701956272,-0.14107611775398254
256,-0.05084335431456566,-0.012472724542021751,-0.02795842662453651,-0.06143609061837197,-0.040890708565711975,-0.03687851130962372,0,0,-0.0443643182516098,-0.05090778321027756,-0.029788298532366753,-0.12921051681041718
257,-0.06251733005046844,-0.02666315995156765,-0.05673539638519287,-0.05800590664148331,-0.030447423458099365,-0.04431838169693947,-0.00020951776241417977,-0.010763307102024555,-0.04203594848513603,-0.03769996389746666,-0.03781355917453766,-0.1109216809272766
258,-0.06050637736916542,-0.017478959634900093,-0.053833894431591034,-0.06243361160159111,-0.03210799768567085,-0.03414398804306984,-0.0020263639744371176,-0.00027216176385991275,-0.06988508254289627,-0.0369996577501297,-0.03377474844455719,-0.14865556359291077
259,-0.040415652096271515,-0.020818721503019333,-0.08008546382188797,-0.05809428170323372,-0.04214717447757721,-0.03949851542711258,-0.00879708118736744,0,-0.056359197944402695,-0.06166315823793411,-0.020994922146201137,-0.11599481105804443
260,-0.0591755248606205,-0.01746652089059353,-0.08177903294563293,-0.08033674210309982,-0.04434198886156082,-0.037172552198171616,-0.009625895880162716,-0.0003849063068628311,-0.06990641355514526,-0.04418503865599632,-0.03191370517015457,-0.1850859820842743
261,-0.03865552321076393,-0.00869723130017519,-0.03977757692337036,-0.054330963641405106,-0.040831152349710464,-0.05182664841413498,-0.0027330880984663963,-0.003840547986328602,-0.07092799246311188,-0.022709401324391365,-0.02540566772222519,-0.13347890973091123
262,-0.058539602905511856,-0.012855976819992064,-0.050831448286771774,-0.05999520793557167,-0.03954903036355972,-0.0331900529563427,0,-0.0008833924657665193,-0.07899819314479828,-0.06338097155094147,-0.04953689873218536,-0.13522125780582428
263,-0.06340381503105164,-0.017596576362848282,-0.03830401226878166,-0.0822373554110527,-0.034051842987537384,-0.04405386000871658,0,-8.05002564447932e-05,-0.06103779748082161,-0.05576344579458237,-0.04032377526164055,-0.15803441405296326
264,-0.048712942749261856,-0.01721126027405262,-0.0970032811164856,-0.03791220486164093,-0.05494086444377899,-0.035021208226680756,0,0,-0.07062005251646042,-0.08586057275533676,-0.030720051378011703,-0.1173095628619194
265,-0.06705792248249054,-0.013777232728898524,-0.03882704675197601,-0.03962123766541481,-0.03448772430419922,-0.0488438606262207,0,-0.0010583280818536878,-0.05199430882930755,-0.0502266101539135,-0.021383848041296005,-0.14033395051956177
266,-0.056488893926143646,-0.02831275202333927,-0.06833282113075256,-0.06197108700871467,-0.029274754226207733,-0.03426323086023331,-0.0004655276716221124,-0.005835946649312973,-0.06022007390856743,-0.0426986888051033,-0.0294536966830492,-0.14718516170978546
267,-0.03854386880993843,-0.01834486611187458,-0.07654990255832672,-0.05590847134590149,-0.04831801727414131,-0.044059183448553085,-0.00411903765052557,0,-0.04747166112065315,-0.05276162549853325,-0.024080296978354458,-0.13212911784648895
268,-0.04898577183485031,-0.0280190147459507,-0.07181383669376373,-0.053439557552337646,-0.03813578188419342,-0.0349983312189579,-0.011626651510596275,0,-0.0461605004966259,-0.07409664988517761,-0.03467575088143349,-0.09280504286289216
269,-0.04008862748742104,-0.03712141886353493,-0.06437716633081436,-0.06348332017660141,-0.0294808242470026,-0.02291725017130375,-0.004344715736806393,-0.00017644900071900338,-0.07025587558746338,-0.06681111454963684,-0.04022456705570221,-0.13138456642627716
270,-0.050231654196977615,-0.02996010519564152,-0.06512120366096497,-0.07322713732719421,-0.03306333348155022,-0.02753366343677044,-0.0006963138002902269,-0.00616608327254653,-0.04213458672165871,-0.03774982690811157,-0.03977637737989426,-0.14371760189533234
271,-0.08651289343833923,-0.026414070278406143,-0.07446617633104324,-0.09222100675106049,-0.016881154850125313,-0.04137794300913811,0,-0.0024179858155548573,-0.042612865567207336,-0.05327055603265762,-0.04007402807474136,-0.14909781515598297
272,-0.06797585636377335,-0.02535703405737877,-0.05556811019778251,-0.05847511813044548,-0.05548657849431038,-0.0316854752600193,0,-1.5025784705358092e-05,-0.06323432177305222,-0.06388866901397705,-0.017060937359929085,-0.11517162621021272
273,-0.06733092665672302,-0.03035462275147438,-0.08601921051740646,-0.0609193779528141,-0.032425567507743835,-0.03597601503133774,-7.394651765935123e-05,-0.0013360213488340378,-0.047814927995204926,-0.044186193495988846,-0.02310166321694851,-0.1514544039964676
274,-0.06414207071065903,-0.02951269783079624,-0.06533512473106384,-0.03501027077436447,-0.047757431864738464,-0.032434478402137756,-0.0009979570750147104,-0.004357377998530865,-0.0658123716711998,-0.02965422533452511,-0.019246766343712807,-0.1308852881193161
275,-0.05084049701690674,-0.028063885867595673,-0.09780421108007432,-0.0346967987716198,-0.04181809350848198,-0.05229668691754341,-0.004509365651756525,-9.861549187917262e-06,-0.04521259292960167,-0.06650430709123611,-0.037237800657749176,-0.11796271055936812
276,-0.04250242188572883,-0.041728537529706955,-0.07554271072149277,-0.07634348422288895,-0.04706647619605064,-0.03514427691698074,-0.006869294214993715,-2.953505281766411e-05,-0.06407932192087173,-0.05317919701337814,-0.02851465903222561,-0.16283147037029266
277,-0.056715209037065506,-0.04633329436182976,-0.06754136830568314,-0.055230762809515,-0.03164215385913849,-0.03207198530435562,-0.005252700764685869,-0.00810619443655014,-0.055656809359788895,-0.047082990407943726,-0.026319030672311783,-0.1187516450881958
278,-0.03735112398862839,-0.02938750386238098,-0.07757300138473511,-0.0572541244328022,-0.047619596123695374,-0.026610445231199265,0,0,-0.061765290796756744,-0.05634127929806709,-0.0255349725484848,-0.11389433592557908
279,-0.058126676827669144,-0.03164130821824074,-0.06186847388744354,-0.05185655876994133,-0.04382574185729027,-0.04000026732683182,0,0,-0.06494832783937454,-0.058359574526548386,-0.026507249101996425,-0.14829221367836
280,-0.02935759536921978,-0.029402099549770355,-0.08831159770488739,-0.06616079807281494,-0.024152496829628944,-0.038604773581027985,0,-0.010163475759327412,-0.0469527542591095,-0.08310900628566742,-0.025222204625606537,-0.11162561923265456
281,-0.05102109909057617,-0.02981109917163849,-0.08594220876693726,-0.049646370112895966,-0.044316038489341736,-0.026023946702480316,-8.444661216344684e-05,-4.2738483898574486e-05,-0.05246192589402199,-0.07562866806983948,-0.03459276258945465,-0.1355893462896347
282,-0.04819607734680176,-0.021514371037483215,-0.04654830694198608,-0.06085214018821716,-0.05220165103673935,-0.05292348936200142,-0.00030750379664823413,-1.1472006008261816e-05,-0.07226640731096268,-0.087419293820858,-0.039219483733177185,-0.12531806528568268
283,-0.04086446389555931,-0.024561554193496704,-0.08213221281766891,-0.048893701285123825,-0.04255702719092369,-0.03178945928812027,-0.001545380218885839,-0.0011308119865134358,-0.05923207104206085,-0.04624199494719505,-0.045987263321876526,-0.16488279402256012
284,-0.08143791556358337,-0.025834789499640465,-0.04785991087555885,-0.08087559044361115,-0.04106339439749718,-0.04320117831230163,-0.0075243087485432625,-0.007132334169000387,-0.050564296543598175,-0.05010984465479851,-0.03038008138537407,-0.12292925268411636
285,-0.07879062741994858,-0.020754404366016388,-0.07381950318813324,-0.06069685146212578,-0.03944490849971771,-0.03112683072686195,-0.005845134146511555,-0.0001914240710902959,-0.07606692612171173,-0.06501104682683945,-0.031606223434209824,-0.1798035353422165
286,-0.05235353484749794,-0.022228410467505455,-0.07797231525182724,-0.0478619746863842,-0.05118740722537041,-0.02948526106774807,-0.0008662448963150382,-0.004163727164268494,-0.06754852086305618,-0.08531396090984344,-0.02503831684589386,-0.11680088192224504
287,-0.05833326280117035,-0.02398507483303547,-0.0803644061088562,-0.07488297671079636,-0.0554594062268734,-0.03630586713552475,0,0,-0.06654831767082214,-0.09117618203163148,-0.025597963482141495,-0.12738622725009918
288,-0.04701855033636093,-0.020350543782114983,-0.07080429047346115,-0.05303113162517547,-0.04276303946971893,-0.036826204508543015,0,-1.1120288036181591e-05,-0.05557967349886894,-0.0739554688334465,-0.02974804490804672,-0.1810562163591385
289,-0.05060385912656784,-0.023531610146164898,-0.04425371438264847,-0.05808689072728157,-0.02883147820830345,-0.03459840267896652,0,-0.006198863964527845,-0.05742586404085159,-0.04288871958851814,-0.02355785295367241,-0.1083405539393425
290,-0.03970126062631607,-0.023407405242323875,-0.07856845110654831,-0.05173192173242569,-0.03586389869451523,-0.037908460944890976,-0.002259163884446025,-0.0005819216021336615,-0.054886408150196075,-0.07071925699710846,-0.021594423800706863,-0.14832377433776855
291,-0.044968366622924805,-0.023459458723664284,-0.06498405337333679,-0.06284856051206589,-0.02731340378522873,-0.04219449311494827,-0.004363704472780228,0,-0.05635008215904236,-0.04684872180223465,-0.04421500489115715,-0.1208716332912445
292,-0.061923958361148834,-0.020926056429743767,-0.08200372755527496,-0.08752111345529556,-0.02646859921514988,-0.0358893983066082,-0.013135883025825024,-0.003952971659600735,-0.05738970637321472,-0.07711425423622131,-0.03058718331158161,-0.1429482400417328
293,-0.07077912241220474,-0.024492787197232246,-0.0756714791059494,-0.04527563601732254,-0.041428301483392715,-0.027238385751843452,-0.007433406542986631,0,-0.06026069074869156,-0.06917227059602737,-0.02457265742123127,-0.08951282501220703
294,-0.03807733952999115,-0.02277332730591297,-0.08919130265712738,-0.048630472272634506,-0.045908719301223755,-0.047729916870594025,0,-0.0003886106132995337,-0.04680495709180832,-0.060347720980644226,-0.020428020507097244,-0.0972791537642479
295,-0.04870780184864998,-0.016569335013628006,-0.06917407363653183,-0.08284924179315567,-0.028934534639120105,-0.04862027242779732,0,-0.0010304615134373307,-0.06583727896213531,-0.11427152156829834,-0.016705403104424477,-0.15296363830566406
296,-0.060860417783260345,-0.01723583973944187,-0.05938958004117012,-0.07070180773735046,-0.03239237144589424,-0.03825763985514641,0,-0.0008066631853580475,-0.05875002220273018,-0.04933491721749306,-0.03437718003988266,-0.10549306124448776
297,-0.03908104449510574,-0.01669873483479023,-0.08379550278186798,-0.08233686536550522,-0.03314599022269249,-0.04077264294028282,-0.0025485639926046133,-0.00039686818490736187,-0.05770670250058174,-0.06188814714550972,-0.021029898896813393,-0.1293841004371643
298,-0.03388948738574982,-0.019207745790481567,-0.08753728866577148,-0.047972582280635834,-0.04376324638724327,-0.03851942345499992,-0.01620538718998432,-0.0010242520365864038,-0.05918832868337631,-0.08937808126211166,-0.02239224314689636,-0.12157312780618668
299,-0.04747479781508446,-0.01621755212545395,-0.08263108879327774,-0.0645696222782135,-0.03878111019730568,-0.04489455744624138,-0.012921230867505074,-0.006030615419149399,-0.055297013372182846,-0.08524247258901596,-0.02937299571931362,-0.16186578571796417
300,-0.07052566856145859,-0.015943117439746857,-0.08689691126346588,-0.04731868579983711,-0.03871210664510727,-0.05523905158042908,-0.004433813504874706,-0.003984775859862566,-0.06597179174423218,-0.08392006158828735,-0.029321100562810894,-0.1335410624742508
